Workbook

Sheet README
A1: FeFET 2×2 어레이 — distance(1-D 교정 → 2-D 질의 예측) 실험 정리
A3: 작성 | B3: 2026-09-06 15:40, Claude (실험: Aiden-Byun, chipX, FPGA COM4, TIA readout)
A4: 목적 | B4: 어레이에서 열별 1-D 교정(v0, κ, S)만으로 두 열 동시 질의(2-D)의 row 전류를 예측하는 거리함수의 정확도(row R²)를 읽기 조건으로 최대화
A5: 배선 | B5: cell(r,c) = FeFET A(gate SL_Ac) + FeFET B(gate SL_Bc) 상보 쌍. col0: DAC11/12, col1: DAC13/14. row r: ML_Fr → RBL/TIA12,13 ; MBL_Fr → DAC20,30 (INH floating 가능)
A6: 읽기 방식 | B6: TIA. MBL(=READ_V) 바이어스 → row 합 전류가 ADC code 로. 게이트: SL_A = C + x, SL_B = C − x (상보 스윕). 저장값 v0 에서 전류 최소(노치).
A7: 모델 | B7: I_r(x) = S_r + Σ_c κ_rc (x_c − v0_rc)² (2차, |x−v0| ≤ fit 창). 교정: 열 c 만 스윕(다른 열 x=0) → v0, κ, m ; S_r 은 두 스윕에서 과결정(차이 = S_check).
A8: 지표 | B8: row R² = 1 − RMSE²/var(측정) (row 별 24 질의). score = 두 row 평균 (2차 예측 / 곡선-중첩 예측 중 큰 쪽; 실제로는 전부 2차). SNR = 질의 간 예측 excess σ / 2차 RMSE. noise = 질의 3샘플 표준편차 평균 [code]. headroom = TIA 클립(2880) − 스윕 최대 code. depth = 노치 깊이.
A9: 손잡이 | B9: span: 질의 x 범위 ±[V] · mbl: READ_V [V] · center_d: C(−0.93) 오프셋 · sweep_half: 교정 스윕 창 ±[V] · fit_half: 2차 fit 창 ±[V] · samples: 질의당 ADC 샘플 수
A10: 실험 흐름 | B10: 0905 13:31 영점(arrauto) → 0905 15:00 캠페인 v1 (span 0.2~0.5) → 0905 16:45 캠페인 v2 (span 0.3~0.6, 기준 재측정) → 0906 09:59~15:29 최적화 138 라운드 (fefet_array_night, 읽기 전용, 쓰기 펄스 없음)
A11: 최종 권장 | B11: READ_V −1.75 V, C −0.93 V, span ±0.7 V, 스윕 창 ±0.7 V, 2차 fit 창 ±0.6 V, samples 3 → row R² 0.985 (0.98~0.99), RMSE ≈ 5.4 code ≈ noise, SNR ≈ 8.5, κ ≈ 226 code/V², headroom ≈ 1260
A12: 한계 | B12: R² 향상은 전부 신호 분산 증가(span, |MBL|)에서 옴 — 잔차는 처음부터 readout 노이즈 수준(5~7 code). 분해능: span 0.7 에서 초과전류 ~110 code / σ 5~7 → 2σ 기준 8~10 단계, 노치 근처는 기울기 0. samples 1 은 0.948 로 부족, 6 은 0.985 (n=2). 두 row 가 같은 벡터를 저장한 상태 — argmin 판별 지표(acc)는 무의미.
A13: 시트 안내 | B13: 최종조건 · 손잡이효과 · MBL짝비교 · 조건별요약 · Rounds(전 라운드 원자료) · Cal_cells(라운드별 셀 교정값) · Best_round_points(최고 라운드 24질의 측정 vs 예측) · Best_round_curves(최고 라운드 1-D 교정 곡선) · Campaign_0905(전날 캠페인 2회 스캔·run) · Zero_0905(영점 결과)
A14: 원본 파일 | B14: meas_result/arrnight_rounds_chipX_arrnight_0906_095932.csv, arrnight_points_*, arrnight_cal_*, arrnight_curves_*, arrnight_opt_*.json, arrdist_status_chipX_arrdist_0905_145957/164533.json, arrauto_status_chipX_arrauto_0905_133125.json
A15: 스크립트 | B15: fefet_array.py (기반) · fefet_array_zero.py (영점) · fefet_array_distance.py (distance, v3 = 최종 조건 기본값) · fefet_array_night.py (조건 최적화, ctrl json 으로 조종)

Sheet 최종조건
A1: 최종 권장 읽기 조건 (0906 최적화)
A3: 항목 | B3: 값 | C3: 근거 (손잡이효과 / MBL짝비교 시트 참조)
A4: READ_V (MBL) [V] | B4: -1.75 | C4: 짝 비교 4블록 중앙값: −1.25 0.980 / −1.5 0.983 / −1.75 0.986 / −2.0 0.974. κ ∝ Vds (186→226 code/V²). −2.0 은 noise 10~11 로 상승, headroom 670. 스트레스 우려 시 −1.5 (−0.003).
A5: 게이트 중심 C [V] | B5: -0.93 | C5: Vth_mean(−1.43) + 0.5. ±0.1 오프셋 모두 손해 (0.912 / 0.942 vs 0.975).
A6: 질의 span ±[V] | B6: 0.7 | C6: R² 0.84(0.4) 0.88(0.5) 0.95(0.6) 0.977(0.7) 0.979(0.75). 0.75 는 이득 없음. 스윕 창 ≥ span 필수 (0.75 를 0.7 창으로 재면 0.84 로 붕괴).
A7: 교정 스윕 창 ±[V] | B7: 0.7 | C7: 질의 범위를 덮어야 곡선 예측·재중심이 됨. 0.8 은 동급 (0.98) 이나 시간 ↑.
A8: 2차 fit 창 ±[V] | B8: 0.6 | C8: 0.5 → 0.6 이 +0.02 (0.961 → 0.980 @span0.7). 0.7 은 동급 (0.981).
A9: samples (질의당) | B9: 3 | C9: 1: 0.948 (RMSE 10~12) · 3: 0.980 · 6: 0.985 (n=2, 질의 시간 +40%, 교정 시간 대비 미미).
A10: 질의 수 / 라운드 | B10: 24 | C10: 무작위 균일 (seed 고정 → 조건 간 짝 비교).
A11: 라운드 시간 [s] | B11: 131.25 | C11: 중앙값 (health + 교정 2열 + 24 질의). 교정 ≈ 99 s.
A14: 권장 조건에서의 성능 (Rounds 시트에서 수식으로 집계: span 0.7 / mbl −1.75 / sweep 0.7 / fit 0.6 / samples 3 / center_d 0)
A15: 지표 | B15: 값 | C15: 설명
A16: n (라운드 수) | B16: =COUNTIFS(Rounds!$E:$E,0.7,Rounds!$F:$F,-1.75,Rounds!$I:$I,0.7,Rounds!$J:$J,0.6,Rounds!$K:$K,3,Rounds!$H:$H,0) -> 13 | C16: Rounds 시트 COUNTIFS/AVERAGEIFS/MINIFS/MAXIFS
A17: score 평균 (row 평균 R²) | B17: =AVERAGEIFS(Rounds!$O:$O,Rounds!$E:$E,0.7,Rounds!$F:$F,-1.75,Rounds!$I:$I,0.7,Rounds!$J:$J,0.6,Rounds!$K:$K,3,Rounds!$H:$H,0) -> 0.98103077 | C17: Rounds 시트 COUNTIFS/AVERAGEIFS/MINIFS/MAXIFS
A18: score 최소 | B18: =_xlfn.MINIFS(Rounds!$O:$O,Rounds!$E:$E,0.7,Rounds!$F:$F,-1.75,Rounds!$I:$I,0.7,Rounds!$J:$J,0.6,Rounds!$K:$K,3,Rounds!$H:$H,0) -> 0.9722 | C18: Rounds 시트 COUNTIFS/AVERAGEIFS/MINIFS/MAXIFS
A19: score 최대 | B19: =_xlfn.MAXIFS(Rounds!$O:$O,Rounds!$E:$E,0.7,Rounds!$F:$F,-1.75,Rounds!$I:$I,0.7,Rounds!$J:$J,0.6,Rounds!$K:$K,3,Rounds!$H:$H,0) -> 0.9902 | C19: Rounds 시트 COUNTIFS/AVERAGEIFS/MINIFS/MAXIFS
A20: 2차 RMSE 평균 [code] | B20: =AVERAGEIFS(Rounds!$U:$U,Rounds!$E:$E,0.7,Rounds!$F:$F,-1.75,Rounds!$I:$I,0.7,Rounds!$J:$J,0.6,Rounds!$K:$K,3,Rounds!$H:$H,0) -> 6.2384615 | C20: Rounds 시트 COUNTIFS/AVERAGEIFS/MINIFS/MAXIFS
A21: noise 평균 [code] | B21: =AVERAGEIFS(Rounds!$AE:$AE,Rounds!$E:$E,0.7,Rounds!$F:$F,-1.75,Rounds!$I:$I,0.7,Rounds!$J:$J,0.6,Rounds!$K:$K,3,Rounds!$H:$H,0) -> 9.3 | C21: Rounds 시트 COUNTIFS/AVERAGEIFS/MINIFS/MAXIFS
A22: SNR 평균 | B22: =AVERAGEIFS(Rounds!$AC:$AC,Rounds!$E:$E,0.7,Rounds!$F:$F,-1.75,Rounds!$I:$I,0.7,Rounds!$J:$J,0.6,Rounds!$K:$K,3,Rounds!$H:$H,0) -> 7.7207692 | C22: Rounds 시트 COUNTIFS/AVERAGEIFS/MINIFS/MAXIFS
A23: 신호 σ 평균 [code] | B23: =AVERAGEIFS(Rounds!$AD:$AD,Rounds!$E:$E,0.7,Rounds!$F:$F,-1.75,Rounds!$I:$I,0.7,Rounds!$J:$J,0.6,Rounds!$K:$K,3,Rounds!$H:$H,0) -> 46.984615 | C23: Rounds 시트 COUNTIFS/AVERAGEIFS/MINIFS/MAXIFS
A24: κ 평균 [code/V²] | B24: =AVERAGEIFS(Rounds!$AK:$AK,Rounds!$E:$E,0.7,Rounds!$F:$F,-1.75,Rounds!$I:$I,0.7,Rounds!$J:$J,0.6,Rounds!$K:$K,3,Rounds!$H:$H,0) -> 226.53846 | C24: Rounds 시트 COUNTIFS/AVERAGEIFS/MINIFS/MAXIFS
A25: headroom 최소 [code] | B25: =_xlfn.MINIFS(Rounds!$AJ:$AJ,Rounds!$E:$E,0.7,Rounds!$F:$F,-1.75,Rounds!$I:$I,0.7,Rounds!$J:$J,0.6,Rounds!$K:$K,3,Rounds!$H:$H,0) -> 1255 | C25: Rounds 시트 COUNTIFS/AVERAGEIFS/MINIFS/MAXIFS
A26: depth 평균 [code] | B26: =AVERAGEIFS(Rounds!$AI:$AI,Rounds!$E:$E,0.7,Rounds!$F:$F,-1.75,Rounds!$I:$I,0.7,Rounds!$J:$J,0.6,Rounds!$K:$K,3,Rounds!$H:$H,0) -> 137.61538 | C26: Rounds 시트 COUNTIFS/AVERAGEIFS/MINIFS/MAXIFS
A28: ※ 중앙값은 엑셀 조건부 MEDIAN 이 배열수식이라 조건별요약 시트에 값으로 기록

Sheet Rounds
A1: round | B1: time | C1: phase | D1: tag | E1: span | F1: mbl | G1: center | H1: center_d | I1: sweep_half | J1: fit_half | K1: samples | L1: n_query | M1: seed | N1: is_ref | O1: score | P1: predictor | Q1: r2_q_row0 | R1: r2_q_row1 | S1: r2_q_rows | T1: r2_q_all | U1: rmse_q | V1: r2_c_row0 | W1: r2_c_row1 | X1: r2_c_rows | Y1: r2_c_all | Z1: rmse_c | AA1: n_sup | AB1: coverage | AC1: snr | AD1: sig_std | AE1: noise | AF1: resid_slope | AG1: acc_cal | AH1: margin | AI1: depth_min | AJ1: headroom_min | AK1: kappa_mean | AL1: S_check_max | AM1: m0_check_max | AN1: v0_R0C0 | AO1: v0_R0C1 | AP1: v0_R1C0 | AQ1: v0_R1C1 | AR1: se_max_mV | AS1: health_spread0 | AT1: health_spread1 | AU1: readout_flag | AV1: cal_s | AW1: run_s | AX1: t_s | AY1: timestamp
A2: 1 | B2: 09:59:39 | C2: queue | D2: base | E2: 0.5 | F2: -1.25 | G2: -0.93 | H2: 0 | I2: 0.5 | J2: 0.5 | K2: 3 | L2: 24 | M2: 20260905 | N2: 0 | O2: 0.7271 | P2: quad | Q2: 0.755 | R2: 0.699 | S2: 0.727 | T2: 0.959 | U2: 11.3 | V2: 0.185 | W2: 0.61 | X2: 0.398 | Y2: 0.937 | Z2: 13.7 | AA2: 46 | AB2: 0.96 | AC2: 1.97 | AD2: 22.3 | AE2: 11.7 | AF2: -0.034 | AG2: 0.33 | AH2: 9.4 | AI2: 64 | AJ2: 2147 | AK2: 186 | AL2: 15 | AM2: 19 | AN2: -0.0409 | AO2: 0.0351 | AP2: -0.0811 | AQ2: -0.0116 | AR2: 25 | AS2: 10 | AT2: 9 | AU2: 0 | AV2: 77 | AW2: 16.3 | AX2: 155.6 | AY2: 2026-09-06T09:59:39
A3: 2 | B3: 10:02:15 | C3: queue | D3: wide-sweep | E3: 0.6 | F3: -1.25 | G3: -0.93 | H3: 0 | I3: 0.7 | J3: 0.5 | K3: 3 | L3: 24 | M3: 20260905 | N3: 0 | O3: 0.924 | P3: quad | Q3: 0.915 | R3: 0.933 | S3: 0.924 | T3: 0.981 | U3: 8.3 | V3: 0.676 | W3: 0.801 | X3: 0.738 | Y3: 0.935 | Z3: 15.5 | AA3: 48 | AB3: 1 | AC3: 3.93 | AD3: 32.7 | AE3: 9.1 | AF3: -0.009 | AG3: 0.46 | AH3: 7.2 | AI3: 134 | AJ3: 2089 | AK3: 195 | AL3: 1 | AM3: 19 | AN3: -0.0268 | AO3: 0.0639 | AP3: -0.0319 | AQ3: 0.009 | AR3: 24 | AS3: 20 | AT3: 24 | AU3: 0 | AV3: 138 | AW3: 16 | AX3: 277.1 | AY3: 2026-09-06T10:02:15
A4: 3 | B4: 10:06:52 | C4: queue | D4: wide-sweep | E4: 0.7 | F4: -1.25 | G4: -0.93 | H4: 0 | I4: 0.7 | J4: 0.5 | K4: 3 | L4: 24 | M4: 20260905 | N4: 0 | O4: 0.9632 | P4: quad | Q4: 0.97 | R4: 0.957 | S4: 0.963 | T4: 0.987 | U4: 7.8 | V4: 0.919 | W4: 0.932 | X4: 0.925 | Y4: 0.972 | Z4: 11.2 | AA4: 46 | AB4: 0.96 | AC4: 5.26 | AD4: 41.1 | AE4: 8.9 | AF4: 0.037 | AG4: 0.58 | AH4: 6.4 | AI4: 119 | AJ4: 2100 | AK4: 191 | AL4: 1 | AM4: 1 | AN4: -0.047 | AO4: 0.0377 | AP4: -0.0508 | AQ4: 0.0431 | AR4: 17 | AS4: 15 | AT4: 18 | AU4: 0 | AV4: 94 | AW4: 15.4 | AX4: 110.1 | AY4: 2026-09-06T10:06:52
A5: 4 | B5: 10:08:42 | C5: queue | D5: mbl | E5: 0.5 | F5: -1.5 | G5: -0.93 | H5: 0 | I5: 0.5 | J5: 0.5 | K5: 3 | L5: 24 | M5: 20260905 | N5: 0 | O5: 0.8835 | P5: quad | Q5: 0.911 | R5: 0.856 | S5: 0.883 | T5: 0.984 | U5: 7.6 | V5: 0.167 | W5: 0.562 | X5: 0.365 | Y5: 0.934 | Z5: 14.7 | AA5: 44 | AB5: 0.92 | AC5: 2.84 | AD5: 21.5 | AE5: 10.3 | AF5: -0.012 | AG5: 0.67 | AH5: 8.4 | AI5: 84 | AJ5: 1784 | AK5: 195 | AL5: 1 | AM5: 7 | AN5: -0.0659 | AO5: 0.0544 | AP5: -0.0623 | AQ5: 0.0474 | AR5: 32 | AS5: 23 | AT5: 21 | AU5: 0 | AV5: 103 | AW5: 15.5 | AX5: 180.5 | AY5: 2026-09-06T10:08:42
A6: 5 | B6: 10:11:42 | C6: queue | D6: mbl | E6: 0.6 | F6: -1.5 | G6: -0.93 | H6: 0 | I6: 0.7 | J6: 0.5 | K6: 3 | L6: 24 | M6: 20260905 | N6: 0 | O6: 0.9317 | P6: quad | Q6: 0.937 | R6: 0.927 | S6: 0.932 | T6: 0.983 | U6: 8.6 | V6: 0.873 | W6: 0.868 | X6: 0.871 | Y6: 0.968 | Z6: 11.8 | AA6: 48 | AB6: 1 | AC6: 3.86 | AD6: 33.1 | AE6: 11.4 | AF6: 0.005 | AG6: 0.5 | AH6: 9 | AI6: 134 | AJ6: 1722 | AK6: 206 | AL6: 6 | AM6: 7 | AN6: -0.0513 | AO6: 0.0503 | AP6: -0.0471 | AQ6: 0.072 | AR6: 31 | AS6: 29 | AT6: 21 | AU6: 0 | AV6: 103 | AW6: 15.4 | AX6: 119.4 | AY6: 2026-09-06T10:11:42
A7: 6 | B7: 10:13:42 | C7: queue | D7: center | E7: 0.5 | F7: -1.25 | G7: -1.13 | H7: -0.2 | I7: 0.5 | J7: 0.5 | K7: 3 | L7: 24 | M7: 20260905 | N7: 0 | O7: 0.8515 | P7: quad | Q7: 0.762 | R7: 0.941 | S7: 0.851 | T7: 0.983 | U7: 7.5 | V7: 0.411 | W7: 0.722 | X7: 0.567 | Y7: 0.96 | Z7: 11.1 | AA7: 38 | AB7: 0.79 | AC7: 2.93 | AD7: 22.1 | AE7: 8.9 | AF7: 0.011 | AG7: 0.46 | AH7: 6.2 | AI7: 64 | AJ7: 2292 | AK7: 193 | AL7: 3 | AM7: 11 | AN7: -0.024 | AO7: 0.023 | AP7: -0.0348 | AQ7: -0.0105 | AR7: 22 | AS7: 24 | AT7: 20 | AU7: 0 | AV7: 103 | AW7: 15.9 | AX7: 181.2 | AY7: 2026-09-06T10:13:42
A8: 7 | B8: 10:16:43 | C8: queue | D8: center | E8: 0.5 | F8: -1.25 | G8: -0.83 | H8: 0.1 | I8: 0.5 | J8: 0.5 | K8: 3 | L8: 24 | M8: 20260905 | N8: 0 | O8: 0.8825 | P8: quad | Q8: 0.918 | R8: 0.847 | S8: 0.882 | T8: 0.982 | U8: 7.9 | V8: 0.4 | W8: 0.623 | X8: 0.512 | Y8: 0.925 | Z8: 15.9 | AA8: 48 | AB8: 1 | AC8: 2.63 | AD8: 20.6 | AE8: 10.6 | AF8: -0.003 | AG8: 0.71 | AH8: 9.7 | AI8: 57 | AJ8: 2075 | AK8: 183 | AL8: 2 | AM8: 16 | AN8: -0.0411 | AO8: 0.0466 | AP8: -0.0437 | AQ8: 0.0188 | AR8: 31 | AS8: 15 | AT8: 28 | AU8: 0 | AV8: 86 | AW8: 15.4 | AX8: 164 | AY8: 2026-09-06T10:16:43
A9: 8 | B9: 10:19:27 | C9: queue | D9: fit | E9: 0.5 | F9: -1.25 | G9: -0.93 | H9: 0 | I9: 0.5 | J9: 0.4 | K9: 3 | L9: 24 | M9: 20260905 | N9: 0 | O9: 0.8765 | P9: quad | Q9: 0.84 | R9: 0.913 | S9: 0.877 | T9: 0.983 | U9: 7.5 | V9: 0.697 | W9: 0.639 | X9: 0.668 | Y9: 0.963 | Z9: 10.7 | AA9: 46 | AB9: 0.96 | AC9: 2.89 | AD9: 21.8 | AE9: 12 | AF9: -0.013 | AG9: 0.5 | AH9: 9.9 | AI9: 52 | AJ9: 2137 | AK9: 191 | AL9: 5 | AM9: 17 | AN9: -0.0224 | AO9: 0.0543 | AP9: -0.0505 | AQ9: 0.0382 | AR9: 46 | AS9: 25 | AT9: 15 | AU9: 0 | AV9: 50 | AW9: 15.3 | AX9: 67 | AY9: 2026-09-06T10:19:27
A10: 9 | B10: 10:20:34 | C10: queue | D10: fit | E10: 0.5 | F10: -1.25 | G10: -0.93 | H10: 0 | I10: 0.6 | J10: 0.6 | K10: 3 | L10: 24 | M10: 20260905 | N10: 0 | O10: 0.8631 | P10: quad | Q10: 0.851 | R10: 0.875 | S10: 0.863 | T10: 0.981 | U10: 8 | V10: 0.83 | W10: 0.542 | X10: 0.686 | Y10: 0.956 | Z10: 12.1 | AA10: 48 | AB10: 1 | AC10: 2.74 | AD10: 22 | AE10: 9.5 | AF10: -0.007 | AG10: 0.5 | AH10: 8.1 | AI10: 76 | AJ10: 2151 | AK10: 196 | AL10: 1 | AM10: 22 | AN10: -0.0601 | AO10: 0.0433 | AP10: -0.0448 | AQ10: 0.0282 | AR10: 14 | AS10: 6 | AT10: 15 | AU10: 0 | AV10: 83 | AW10: 15.1 | AX10: 282.4 | AY10: 2026-09-06T10:20:34
A11: 10 | B11: 10:25:17 | C11: queue | D11: mbl | E11: 0.5 | F11: -1 | G11: -0.93 | H11: 0 | I11: 0.5 | J11: 0.5 | K11: 3 | L11: 24 | M11: 20260905 | N11: 0 | O11: 0.7624 | P11: quad | Q11: 0.682 | R11: 0.843 | S11: 0.762 | T11: 0.973 | U11: 9.3 | V11: 0.292 | W11: 0.599 | X11: 0.446 | Y11: 0.936 | Z11: 14.3 | AA11: 48 | AB11: 1 | AC11: 2.05 | AD11: 19.1 | AE11: 9.7 | AF11: 0.055 | AG11: 0.5 | AH11: 9.6 | AI11: 62 | AJ11: 2418 | AK11: 171 | AL11: 8 | AM11: 13 | AN11: -0.0347 | AO11: 0.0042 | AP11: -0.0264 | AQ11: 0.0121 | AR11: 25 | AS11: 26 | AT11: 10 | AU11: 0 | AV11: 93 | AW11: 15.5 | AX11: 109.6 | AY11: 2026-09-06T10:25:17
A12: 11 | B12: 10:27:06 | C12: queue | D12: wide-sweep | E12: 0.75 | F12: -1.25 | G12: -0.93 | H12: 0 | I12: 0.8 | J12: 0.5 | K12: 3 | L12: 24 | M12: 20260905 | N12: 0 | O12: 0.9603 | P12: quad | Q12: 0.957 | R12: 0.964 | S12: 0.96 | T12: 0.983 | U12: 9.3 | V12: 0.893 | W12: 0.968 | X12: 0.93 | Y12: 0.97 | Z12: 12.2 | AA12: 48 | AB12: 1 | AC12: 5.25 | AD12: 48.7 | AE12: 10.6 | AF12: -0.009 | AG12: 0.58 | AH12: 5.6 | AI12: 147 | AJ12: 2060 | AK12: 194 | AL12: 2 | AM12: 2 | AN12: -0.0569 | AO12: 0.0438 | AP12: -0.0286 | AQ12: 0.0408 | AR12: 21 | AS12: 12 | AT12: 28 | AU12: 0 | AV12: 134 | AW12: 16.3 | AX12: 212.6 | AY12: 2026-09-06T10:27:06
A13: 12 | B13: 10:30:39 | C13: queue | D13: wide-sweep | E13: 0.7 | F13: -1.25 | G13: -0.93 | H13: 0 | I13: 0.7 | J13: 0.6 | K13: 3 | L13: 24 | M13: 20260905 | N13: 0 | O13: 0.9797 | P13: quad | Q13: 0.987 | R13: 0.972 | S13: 0.98 | T13: 0.993 | U13: 5.6 | V13: 0.914 | W13: 0.955 | X13: 0.934 | Y13: 0.977 | Z13: 10.1 | AA13: 46 | AB13: 0.96 | AC13: 7.15 | AD13: 39.8 | AE13: 7.9 | AF13: -0.004 | AG13: 0.58 | AH13: 4.7 | AI13: 120 | AJ13: 2081 | AK13: 184 | AL13: 1 | AM13: 12 | AN13: -0.0322 | AO13: 0.0369 | AP13: -0.0389 | AQ13: 0.0212 | AR13: 13 | AS13: 11 | AT13: 8 | AU13: 0 | AV13: 136 | AW13: 16.6 | AX13: 214.6 | AY13: 2026-09-06T10:30:39
A14: 13 | B14: 10:34:13 | C14: rep-inc | E14: 0.5 | F14: -1.25 | G14: -0.93 | H14: 0 | I14: 0.5 | J14: 0.5 | K14: 3 | L14: 24 | M14: 20260906 | N14: 0 | O14: 0.9431 | P14: quad | Q14: 0.942 | R14: 0.944 | S14: 0.943 | T14: 0.995 | U14: 4.1 | V14: 0.918 | W14: 0.864 | X14: 0.891 | Y14: 0.99 | Z14: 5.7 | AA14: 48 | AB14: 1 | AC14: 4.3 | AD14: 17.7 | AE14: 6.5 | AF14: -0.027 | AG14: 0.46 | AH14: 4.8 | AI14: 61 | AJ14: 2149 | AK14: 186 | AL14: 1 | AM14: 1 | AN14: -0.0514 | AO14: 0.0414 | AP14: -0.0512 | AQ14: 0.0253 | AR14: 13 | AS14: 15 | AT14: 14 | AU14: 0 | AV14: 77 | AW14: 15.8 | AX14: 93.8 | AY14: 2026-09-06T10:34:13
A15: 14 | B15: 10:35:47 | C15: neighbor | E15: 0.4 | F15: -1.25 | G15: -0.93 | H15: 0 | I15: 0.5 | J15: 0.5 | K15: 3 | L15: 24 | M15: 20260905 | N15: 0 | O15: 0.899 | P15: quad | Q15: 0.922 | R15: 0.876 | S15: 0.899 | T15: 0.994 | U15: 4.1 | V15: 0.69 | W15: 0.8 | X15: 0.745 | Y15: 0.985 | Z15: 6.7 | AA15: 48 | AB15: 1 | AC15: 3.22 | AD15: 13.3 | AE15: 7.1 | AF15: -0.006 | AG15: 0.58 | AH15: 4.9 | AI15: 63 | AJ15: 2162 | AK15: 185 | AL15: 2 | AM15: 13 | AN15: -0.0565 | AO15: 0.0555 | AP15: -0.0498 | AQ15: 0.0411 | AR15: 11 | AS15: 7 | AT15: 7 | AU15: 0 | AV15: 76 | AW15: 16.5 | AX15: 94 | AY15: 2026-09-06T10:35:47
A16: 15 | B16: 10:37:21 | C16: neighbor | E16: 0.6 | F16: -1.25 | G16: -0.93 | H16: 0 | I16: 0.5 | J16: 0.5 | K16: 3 | L16: 24 | M16: 20260905 | N16: 0 | O16: 0.9509 | P16: quad | Q16: 0.952 | R16: 0.95 | S16: 0.951 | T16: 0.989 | U16: 6.5 | V16: 0.792 | W16: 0.818 | X16: 0.805 | Y16: 0.973 | Z16: 9.5 | AA16: 38 | AB16: 0.79 | AC16: 4.96 | AD16: 32.3 | AE16: 7 | AF16: -0.033 | AG16: 0.67 | AH16: 5.3 | AI16: 67 | AJ16: 2143 | AK16: 195 | AL16: 4 | AM16: 4 | AN16: -0.0235 | AO16: 0.0493 | AP16: -0.0493 | AQ16: 0.0137 | AR16: 15 | AS16: 5 | AT16: 9 | AU16: 0 | AV16: 103 | AW16: 16.1 | AX16: 181.5 | AY16: 2026-09-06T10:37:21
A17: 16 | B17: 10:40:23 | C17: ref | E17: 0.5 | F17: -1.25 | G17: -0.93 | H17: 0 | I17: 0.5 | J17: 0.5 | K17: 3 | L17: 24 | M17: 20260907 | N17: 1 | O17: 0.8844 | P17: quad | Q17: 0.865 | R17: 0.903 | S17: 0.884 | T17: 0.985 | U17: 7 | V17: 0.8 | W17: 0.816 | X17: 0.808 | Y17: 0.975 | Z17: 9.1 | AA17: 48 | AB17: 1 | AC17: 3.4 | AD17: 23.9 | AE17: 7.5 | AF17: -0.009 | AG17: 0.67 | AH17: 6.2 | AI17: 65 | AJ17: 2147 | AK17: 202 | AL17: 4 | AM17: 9 | AN17: -0.0356 | AO17: 0.0426 | AP17: -0.0534 | AQ17: 0.0163 | AR17: 14 | AS17: 23 | AT17: 8 | AU17: 0 | AV17: 60 | AW17: 15.9 | AX17: 77.2 | AY17: 2026-09-06T10:40:23
A18: 17 | B18: 10:41:40 | C18: neighbor | E18: 0.5 | F18: -1.25 | G18: -0.93 | H18: 0 | I18: 0.6 | J18: 0.5 | K18: 3 | L18: 24 | M18: 20260905 | N18: 0 | O18: 0.8533 | P18: quad | Q18: 0.894 | R18: 0.813 | S18: 0.853 | T18: 0.981 | U18: 7.8 | V18: 0.807 | W18: 0.841 | X18: 0.824 | Y18: 0.977 | Z18: 8.7 | AA18: 48 | AB18: 1 | AC18: 2.85 | AD18: 22.3 | AE18: 5.9 | AF18: 0.007 | AG18: 0.5 | AH18: 5.7 | AI18: 90 | AJ18: 2125 | AK18: 201 | AL18: 6 | AM18: 6 | AN18: -0.0465 | AO18: 0.0318 | AP18: -0.0365 | AQ18: 0.0231 | AR18: 14 | AS18: 7 | AT18: 8 | AU18: 0 | AV18: 110 | AW18: 16.5 | AX18: 188.5 | AY18: 2026-09-06T10:41:40
A19: 18 | B19: 10:44:49 | C19: neighbor | E19: 0.5 | F19: -1.25 | G19: -1.03 | H19: -0.1 | I19: 0.5 | J19: 0.5 | K19: 3 | L19: 24 | M19: 20260905 | N19: 0 | O19: 0.8339 | P19: quad | Q19: 0.797 | R19: 0.87 | S19: 0.834 | T19: 0.978 | U19: 8.6 | V19: 0.612 | W19: 0.647 | X19: 0.629 | Y19: 0.95 | Z19: 12.9 | AA19: 48 | AB19: 1 | AC19: 2.31 | AD19: 19.9 | AE19: 8.5 | AF19: 0.022 | AG19: 0.71 | AH19: 5.1 | AI19: 58 | AJ19: 2252 | AK19: 173 | AL19: 7 | AM19: 9 | AN19: -0.0486 | AO19: 0.0672 | AP19: -0.0457 | AQ19: 0.0182 | AR19: 17 | AS19: 20 | AT19: 27 | AU19: 0 | AV19: 88 | AW19: 15.3 | AX19: 165.3 | AY19: 2026-09-06T10:44:49
A20: 19 | B20: 10:47:34 | C20: neighbor | E20: 0.5 | F20: -1.25 | G20: -0.93 | H20: 0 | I20: 0.6 | J20: 0.5 | K20: 3 | L20: 24 | M20: 20260906 | N20: 0 | O20: 0.9195 | P20: quad | Q20: 0.92 | R20: 0.919 | S20: 0.92 | T20: 0.991 | U20: 5.2 | V20: 0.795 | W20: 0.621 | X20: 0.708 | Y20: 0.968 | Z20: 9.9 | AA20: 48 | AB20: 1 | AC20: 3.64 | AD20: 18.8 | AE20: 8 | AF20: -0.03 | AG20: 0.58 | AH20: 5 | AI20: 77 | AJ20: 2119 | AK20: 194 | AL20: 5 | AM20: 12 | AN20: -0.0496 | AO20: 0.028 | AP20: -0.0695 | AQ20: 0.0395 | AR20: 15 | AS20: 8 | AT20: 8 | AU20: 0 | AV20: 121 | AW20: 17.1 | AX20: 138.9 | AY20: 2026-09-06T10:47:34
A21: 20 | B21: 10:49:53 | C21: ref | E21: 0.5 | F21: -1.25 | G21: -0.93 | H21: 0 | I21: 0.5 | J21: 0.5 | K21: 3 | L21: 24 | M21: 20260908 | N21: 1 | O21: 0.8401 | P21: quad | Q21: 0.845 | R21: 0.836 | S21: 0.84 | T21: 0.986 | U21: 6.7 | V21: 0.569 | W21: -0.232 | X21: 0.168 | Y21: 0.924 | Z21: 15.4 | AA21: 48 | AB21: 1 | AC21: 2.22 | AD21: 14.9 | AE21: 7.5 | AF21: -0.005 | AG21: 0.67 | AH21: 4.6 | AI21: 63 | AJ21: 2168 | AK21: 179 | AL21: 10 | AM21: 16 | AN21: -0.0559 | AO21: 0.0588 | AP21: -0.0497 | AQ21: 0.0486 | AR21: 14 | AS21: 14 | AT21: 15 | AU21: 0 | AV21: 76 | AW21: 15.8 | AX21: 92.7 | AY21: 2026-09-06T10:49:53
A22: 21 | B22: 10:51:30 | C22: neighbor | E22: 0.5 | F22: -1.25 | G22: -0.93 | H22: 0 | I22: 0.7 | J22: 0.5 | K22: 3 | L22: 24 | M22: 20260905 | N22: 0 | O22: 0.8069 | P22: quad | Q22: 0.746 | R22: 0.868 | S22: 0.807 | T22: 0.973 | U22: 9.6 | V22: 0.715 | W22: 0.838 | X22: 0.777 | Y22: 0.968 | Z22: 10.3 | AA22: 48 | AB22: 1 | AC22: 2.26 | AD22: 21.7 | AE22: 9.7 | AF22: 0.042 | AG22: 0.42 | AH22: 7.9 | AI22: 101 | AJ22: 2094 | AK22: 196 | AL22: 8 | AM22: 3 | AN22: -0.0488 | AO22: 0.0632 | AP22: -0.0498 | AQ22: 0.0486 | AR22: 19 | AS22: 6 | AT22: 18 | AU22: 0 | AV22: 134 | AW22: 15.8 | AX22: 211.7 | AY22: 2026-09-06T10:51:30
A23: 22 | B23: 10:55:02 | C23: neighbor | E23: 0.4 | F23: -1.25 | G23: -0.93 | H23: 0 | I23: 0.6 | J23: 0.5 | K23: 3 | L23: 24 | M23: 20260905 | N23: 0 | O23: 0.7791 | P23: quad | Q23: 0.662 | R23: 0.897 | S23: 0.779 | T23: 0.987 | U23: 6 | V23: 0.55 | W23: 0.774 | X23: 0.662 | Y23: 0.98 | Z23: 7.5 | AA23: 48 | AB23: 1 | AC23: 2.28 | AD23: 13.8 | AE23: 7.7 | AF23: -0.017 | AG23: 0.58 | AH23: 4.9 | AI23: 86 | AJ23: 2139 | AK23: 189 | AL23: 2 | AM23: 5 | AN23: -0.0321 | AO23: 0.0228 | AP23: -0.058 | AQ23: 0.0288 | AR23: 11 | AS23: 8 | AT23: 7 | AU23: 0 | AV23: 88 | AW23: 16.1 | AX23: 166.6 | AY23: 2026-09-06T10:55:02
A24: 23 | B24: 10:57:48 | C24: neighbor | E24: 0.5 | F24: -1 | G24: -0.93 | H24: 0 | I24: 0.6 | J24: 0.5 | K24: 3 | L24: 24 | M24: 20260905 | N24: 0 | O24: 0.8317 | P24: quad | Q24: 0.804 | R24: 0.859 | S24: 0.832 | T24: 0.978 | U24: 7.9 | V24: 0.69 | W24: 0.434 | X24: 0.562 | Y24: 0.947 | Z24: 12.3 | AA24: 48 | AB24: 1 | AC24: 1.98 | AD24: 15.5 | AE24: 8.3 | AF24: -0.005 | AG24: 0.42 | AH24: 7.6 | AI24: 79 | AJ24: 2402 | AK24: 139 | AL24: 9 | AM24: 7 | AN24: -0.018 | AO24: -0.0004 | AP24: -0.031 | AQ24: -0.0053 | AR24: 20 | AS24: 5 | AT24: 10 | AU24: 0 | AV24: 127 | AW24: 15.7 | AX24: 143.5 | AY24: 2026-09-06T10:57:48
A25: 24 | B25: 11:00:12 | C25: ref | E25: 0.5 | F25: -1.25 | G25: -0.93 | H25: 0 | I25: 0.6 | J25: 0.5 | K25: 3 | L25: 24 | M25: 20260907 | N25: 1 | O25: 0.944 | P25: quad | Q25: 0.947 | R25: 0.941 | S25: 0.944 | T25: 0.992 | U25: 5.2 | V25: 0.776 | W25: 0.681 | X25: 0.729 | Y25: 0.961 | Z25: 11.4 | AA25: 48 | AB25: 1 | AC25: 4.19 | AD25: 21.8 | AE25: 6.8 | AF25: 0.036 | AG25: 0.71 | AH25: 4.9 | AI25: 87 | AJ25: 2147 | AK25: 192 | AL25: 3 | AM25: 12 | AN25: -0.0518 | AO25: 0.0234 | AP25: -0.0536 | AQ25: 0.0273 | AR25: 16 | AS25: 15 | AT25: 15 | AU25: 0 | AV25: 70 | AW25: 15.6 | AX25: 86.7 | AY25: 2026-09-06T11:00:12
... A31: 30 | B31: 11:13:45 | C31: neighbor | E31: 0.5 | F31: -1.5 | G31: -0.93 | H31: 0 | I31: 0.6 | J31: 0.5 | K31: 3 | L31: 24 | M31: 20260905 | N31: 0 | O31: 0.9261 | P31: quad | Q31: 0.92 | R31: 0.932 | S31: 0.926 | T31: 0.989 | U31: 6.1 | V31: 0.836 | W31: 0.881 | X31: 0.859 | Y31: 0.98 | Z31: 8.4 | AA31: 48 | AB31: 1 | AC31: 4.16 | AD31: 25.3 | AE31: 8.1 | AF31: 0.004 | AG31: 0.71 | AH31: 5.6 | AI31: 86 | AJ31: 1795 | AK31: 223 | AL31: 5 | AM31: 12 | AN31: -0.0563 | AO31: 0.0856 | AP31: -0.0588 | AQ31: 0.0509 | AR31: 18 | AS31: 10 | AT31: 9 | AU31: 0 | AV31: 116 | AW31: 16.6 | AX31: 133.8 | AY31: 2026-09-06T11:13:45
A32: 31 | B32: 11:15:59 | C32: queue | D32: top-rep | E32: 0.7 | F32: -1.25 | G32: -0.93 | H32: 0 | I32: 0.7 | J32: 0.6 | K32: 3 | L32: 24 | M32: 20260906 | N32: 0 | O32: 0.9719 | P32: quad | Q32: 0.965 | R32: 0.978 | S32: 0.972 | T32: 0.992 | U32: 5.6 | V32: 0.9 | W32: 0.971 | X32: 0.935 | Y32: 0.981 | Z32: 8.7 | AA32: 46 | AB32: 0.96 | AC32: 6.23 | AD32: 35 | AE32: 7.3 | AF32: -0.015 | AG32: 0.62 | AH32: 5.6 | AI32: 96 | AJ32: 2115 | AK32: 186 | AL32: 4 | AM32: 2 | AN32: -0.038 | AO32: 0.0616 | AP32: -0.0515 | AQ32: 0.0334 | AR32: 10 | AS32: 11 | AT32: 20 | AU32: 0 | AV32: 94 | AW32: 16.2 | AX32: 111.7 | AY32: 2026-09-06T11:15:59
A33: 32 | B33: 11:17:51 | C33: queue | D33: top-rep | E33: 0.7 | F33: -1.25 | G33: -0.93 | H33: 0 | I33: 0.7 | J33: 0.6 | K33: 3 | L33: 24 | M33: 20260907 | N33: 0 | O33: 0.9808 | P33: quad | Q33: 0.975 | R33: 0.987 | S33: 0.981 | T33: 0.992 | U33: 5.9 | V33: 0.975 | W33: 0.979 | X33: 0.977 | Y33: 0.991 | Z33: 6.5 | AA33: 48 | AB33: 1 | AC33: 7.09 | AD33: 42.1 | AE33: 7 | AF33: 0.009 | AG33: 0.58 | AH33: 4.3 | AI33: 133 | AJ33: 2103 | AK33: 188 | AL33: 4 | AM33: 17 | AN33: -0.0578 | AO33: 0.0267 | AP33: -0.0431 | AQ33: 0.0234 | AR33: 9 | AS33: 24 | AT33: 22 | AU33: 0 | AV33: 77 | AW33: 15.9 | AX33: 93.6 | AY33: 2026-09-06T11:17:51
A34: 33 | B34: 11:19:24 | C34: queue | D34: top-rep | E34: 0.7 | F34: -1.25 | G34: -0.93 | H34: 0 | I34: 0.7 | J34: 0.5 | K34: 3 | L34: 24 | M34: 20260906 | N34: 0 | O34: 0.9592 | P34: quad | Q34: 0.97 | R34: 0.948 | S34: 0.959 | T34: 0.989 | U34: 6.9 | V34: 0.928 | W34: 0.92 | X34: 0.924 | Y34: 0.978 | Z34: 9.5 | AA34: 48 | AB34: 1 | AC34: 5.18 | AD34: 35.8 | AE34: 6.9 | AF34: -0.008 | AG34: 0.62 | AH34: 5.9 | AI34: 111 | AJ34: 2103 | AK34: 194 | AL34: 3 | AM34: 2 | AN34: -0.0439 | AO34: 0.0253 | AP34: -0.0551 | AQ34: 0.0154 | AR34: 15 | AS34: 8 | AT34: 19 | AU34: 0 | AV34: 97 | AW34: 15.7 | AX34: 114.4 | AY34: 2026-09-06T11:19:24
A35: 34 | B35: 11:21:19 | C35: queue | D35: top-rep | E35: 0.75 | F35: -1.25 | G35: -0.93 | H35: 0 | I35: 0.8 | J35: 0.5 | K35: 3 | L35: 24 | M35: 20260906 | N35: 0 | O35: 0.9463 | P35: quad | Q35: 0.926 | R35: 0.967 | S35: 0.946 | T35: 0.982 | U35: 8.9 | V35: 0.935 | W35: 0.94 | X35: 0.937 | Y35: 0.979 | Z35: 9.6 | AA35: 48 | AB35: 1 | AC35: 4.68 | AD35: 41.5 | AE35: 6.1 | AF35: 0.016 | AG35: 0.38 | AH35: 5.3 | AI35: 146 | AJ35: 2077 | AK35: 190 | AL35: 8 | AM35: 12 | AN35: -0.0571 | AO35: 0.0552 | AP35: -0.0702 | AQ35: 0.0286 | AR35: 16 | AS35: 18 | AT35: 25 | AU35: 0 | AV35: 113 | AW35: 16.2 | AX35: 130.1 | AY35: 2026-09-06T11:21:19
A36: 35 | B36: 11:23:29 | C36: queue | D36: new | E36: 0.75 | F36: -1.25 | G36: -0.93 | H36: 0 | I36: 0.8 | J36: 0.6 | K36: 3 | L36: 24 | M36: 20260905 | N36: 0 | O36: 0.9846 | P36: quad | Q36: 0.99 | R36: 0.979 | S36: 0.985 | T36: 0.994 | U36: 5.6 | V36: 0.894 | W36: 0.927 | X36: 0.91 | Y36: 0.97 | Z36: 11.4 | AA36: 46 | AB36: 0.96 | AC36: 8.63 | AD36: 48.4 | AE36: 9.1 | AF36: -0.019 | AG36: 0.54 | AH36: 4.6 | AI36: 162 | AJ36: 2068 | AK36: 194 | AL36: 2 | AM36: 9 | AN36: -0.0532 | AO36: 0.0539 | AP36: -0.0407 | AQ36: 0.0389 | AR36: 12 | AS36: 8 | AT36: 6 | AU36: 0 | AV36: 111 | AW36: 16.8 | AX36: 128.8 | AY36: 2026-09-06T11:23:29
A37: 36 | B37: 11:25:38 | C37: queue | D37: new | E37: 0.7 | F37: -1.25 | G37: -0.93 | H37: 0 | I37: 0.7 | J37: 0.7 | K37: 3 | L37: 24 | M37: 20260905 | N37: 0 | O37: 0.9796 | P37: quad | Q37: 0.98 | R37: 0.979 | S37: 0.98 | T37: 0.993 | U37: 6 | V37: 0.898 | W37: 0.954 | X37: 0.926 | Y37: 0.974 | Z37: 11.2 | AA37: 48 | AB37: 1 | AC37: 7.01 | AD37: 41.8 | AE37: 7.9 | AF37: 0.025 | AG37: 0.33 | AH37: 6.2 | AI37: 119 | AJ37: 2119 | AK37: 192 | AL37: 2 | AM37: 3 | AN37: -0.0571 | AO37: 0.0343 | AP37: -0.0392 | AQ37: 0.0427 | AR37: 9 | AS37: 22 | AT37: 11 | AU37: 0 | AV37: 118 | AW37: 16.9 | AX37: 197.4 | AY37: 2026-09-06T11:25:38
A38: 37 | B38: 11:28:55 | C38: queue | D38: new | E38: 0.7 | F38: -1.5 | G38: -0.93 | H38: 0 | I38: 0.7 | J38: 0.6 | K38: 3 | L38: 24 | M38: 20260905 | N38: 0 | O38: 0.98 | P38: quad | Q38: 0.983 | R38: 0.977 | S38: 0.98 | T38: 0.992 | U38: 6.2 | V38: 0.951 | W38: 0.948 | X38: 0.949 | Y38: 0.984 | Z38: 8.3 | AA38: 46 | AB38: 0.96 | AC38: 7.12 | AD38: 44.3 | AE38: 7.6 | AF38: -0.015 | AG38: 0.5 | AH38: 7 | AI38: 109 | AJ38: 1750 | AK38: 204 | AL38: 5 | AM38: 5 | AN38: -0.0548 | AO38: 0.0716 | AP38: -0.071 | AQ38: 0.0668 | AR38: 12 | AS38: 7 | AT38: 23 | AU38: 0 | AV38: 133 | AW38: 15.5 | AX38: 272.5 | AY38: 2026-09-06T11:28:55
A39: 38 | B39: 11:33:28 | C39: queue | D39: top-rep | E39: 0.6 | F39: -1.25 | G39: -0.93 | H39: 0 | I39: 0.6 | J39: 0.5 | K39: 3 | L39: 24 | M39: 20260906 | N39: 0 | O39: 0.9358 | P39: quad | Q39: 0.939 | R39: 0.933 | S39: 0.936 | T39: 0.988 | U39: 6.4 | V39: 0.944 | W39: 0.848 | X39: 0.896 | Y39: 0.981 | Z39: 8.2 | AA39: 48 | AB39: 1 | AC39: 4.01 | AD39: 25.8 | AE39: 7.4 | AF39: 0.011 | AG39: 0.62 | AH39: 5.5 | AI39: 85 | AJ39: 2138 | AK39: 191 | AL39: 5 | AM39: 3 | AN39: -0.0683 | AO39: 0.0452 | AP39: -0.0609 | AQ39: 0.0432 | AR39: 12 | AS39: 14 | AT39: 9 | AU39: 0 | AV39: 76 | AW39: 16.3 | AX39: 93.5 | AY39: 2026-09-06T11:33:28
A40: 39 | B40: 11:35:01 | C40: queue | D40: new | E40: 0.7 | F40: -1.25 | G40: -0.93 | H40: 0 | I40: 0.8 | J40: 0.6 | K40: 3 | L40: 24 | M40: 20260905 | N40: 0 | O40: 0.9785 | P40: quad | Q40: 0.988 | R40: 0.969 | S40: 0.978 | T40: 0.993 | U40: 5.7 | V40: 0.971 | W40: 0.956 | X40: 0.964 | Y40: 0.987 | Z40: 7.4 | AA40: 48 | AB40: 1 | AC40: 7.2 | AD40: 40.8 | AE40: 6.5 | AF40: -0.029 | AG40: 0.54 | AH40: 5.2 | AI40: 146 | AJ40: 2067 | AK40: 187 | AL40: 2 | AM40: 12 | AN40: -0.0412 | AO40: 0.0353 | AP40: -0.0506 | AQ40: 0.055 | AR40: 11 | AS40: 25 | AT40: 25 | AU40: 0 | AV40: 85 | AW40: 15.4 | AX40: 102 | AY40: 2026-09-06T11:35:01
A41: 40 | B41: 11:36:43 | C41: ref | E41: 0.7 | F41: -1.25 | G41: -0.93 | H41: 0 | I41: 0.7 | J41: 0.6 | K41: 3 | L41: 24 | M41: 20260908 | N41: 1 | O41: 0.9445 | P41: quad | Q41: 0.968 | R41: 0.921 | S41: 0.944 | T41: 0.986 | U41: 7.3 | V41: 0.966 | W41: 0.852 | X41: 0.909 | Y41: 0.976 | Z41: 9.6 | AA41: 46 | AB41: 0.96 | AC41: 3.97 | AD41: 29 | AE41: 8.9 | AF41: 0.037 | AG41: 0.58 | AH41: 6.8 | AI41: 115 | AJ41: 2106 | AK41: 180 | AL41: 2 | AM41: 6 | AN41: -0.0424 | AO41: 0.0553 | AP41: -0.0359 | AQ41: 0.0458 | AR41: 15 | AS41: 9 | AT41: 18 | AU41: 0 | AV41: 136 | AW41: 15.9 | AX41: 336.7 | AY41: 2026-09-06T11:36:43
A42: 41 | B42: 11:42:24 | C42: neighbor | E42: 0.6 | F42: -1.25 | G42: -0.93 | H42: 0 | I42: 0.7 | J42: 0.6 | K42: 3 | L42: 24 | M42: 20260905 | N42: 0 | O42: 0.9521 | P42: quad | Q42: 0.967 | R42: 0.938 | S42: 0.952 | T42: 0.988 | U42: 6.7 | V42: 0.897 | W42: 0.888 | X42: 0.893 | Y42: 0.973 | Z42: 10 | AA42: 48 | AB42: 1 | AC42: 4.28 | AD42: 28.9 | AE42: 9.7 | AF42: 0.016 | AG42: 0.62 | AH42: 7.6 | AI42: 95 | AJ42: 2144 | AK42: 181 | AL42: 6 | AM42: 7 | AN42: -0.0431 | AO42: 0.0415 | AP42: -0.0536 | AQ42: 0.0494 | AR42: 15 | AS42: 13 | AT42: 6 | AU42: 0 | AV42: 133 | AW42: 16.1 | AX42: 210.7 | AY42: 2026-09-06T11:42:24
A43: 42 | B43: 11:45:55 | C43: neighbor | E43: 0.7 | F43: -1.25 | G43: -1.03 | H43: -0.1 | I43: 0.7 | J43: 0.6 | K43: 3 | L43: 24 | M43: 20260905 | N43: 0 | O43: 0.9618 | P43: quad | Q43: 0.966 | R43: 0.958 | S43: 0.962 | T43: 0.987 | U43: 7.4 | V43: 0.933 | W43: 0.948 | X43: 0.941 | Y43: 0.98 | Z43: 9.3 | AA43: 46 | AB43: 0.96 | AC43: 5.35 | AD43: 39.7 | AE43: 8.1 | AF43: 0 | AG43: 0.67 | AH43: 9 | AI43: 112 | AJ43: 2199 | AK43: 182 | AL43: 4 | AM43: 10 | AN43: -0.0374 | AO43: 0.0443 | AP43: -0.0319 | AQ43: 0.023 | AR43: 10 | AS43: 11 | AT43: 10 | AU43: 0 | AV43: 116 | AW43: 15.8 | AX43: 315.8 | AY43: 2026-09-06T11:45:55
A44: 43 | B44: 11:51:11 | C44: neighbor | E44: 0.7 | F44: -1.25 | G44: -0.93 | H44: 0 | I44: 0.6 | J44: 0.6 | K44: 3 | L44: 24 | M44: 20260905 | N44: 0 | O44: 0.9726 | P44: quad | Q44: 0.977 | R44: 0.968 | S44: 0.973 | T44: 0.989 | U44: 6.9 | V44: 0.937 | W44: 0.955 | X44: 0.946 | Y44: 0.984 | Z44: 8.1 | AA44: 44 | AB44: 0.92 | AC44: 5.82 | AD44: 40.4 | AE44: 6.6 | AF44: 0.027 | AG44: 0.5 | AH44: 4.9 | AI44: 83 | AJ44: 2149 | AK44: 185 | AL44: 8 | AM44: 6 | AN44: -0.055 | AO44: 0.0367 | AP44: -0.0389 | AQ44: 0.0227 | AR44: 11 | AS44: 21 | AT44: 9 | AU44: 0 | AV44: 69 | AW44: 15.9 | AX44: 85.7 | AY44: 2026-09-06T11:51:11
A45: 44 | B45: 11:52:37 | C45: ref | E45: 0.7 | F45: -1.25 | G45: -0.93 | H45: 0 | I45: 0.7 | J45: 0.6 | K45: 3 | L45: 24 | M45: 20260909 | N45: 1 | O45: 0.971 | P45: quad | Q45: 0.97 | R45: 0.972 | S45: 0.971 | T45: 0.989 | U45: 7.2 | V45: 0.917 | W45: 0.928 | X45: 0.923 | Y45: 0.971 | Z45: 11.7 | AA45: 48 | AB45: 1 | AC45: 5.8 | AD45: 41.6 | AE45: 10.1 | AF45: 0.018 | AG45: 0.67 | AH45: 8.1 | AI45: 103 | AJ45: 2092 | AK45: 186 | AL45: 5 | AM45: 9 | AN45: -0.0385 | AO45: 0.0502 | AP45: -0.074 | AQ45: 0.0385 | AR45: 17 | AS45: 11 | AT45: 7 | AU45: 0 | AV45: 112 | AW45: 16 | AX45: 129 | AY45: 2026-09-06T11:52:37
A46: 45 | B46: 11:54:46 | C46: neighbor | E46: 0.75 | F46: -1.25 | G46: -0.93 | H46: 0 | I46: 0.7 | J46: 0.6 | K46: 3 | L46: 24 | M46: 20260905 | N46: 0 | O46: 0.9661 | P46: quad | Q46: 0.956 | R46: 0.976 | S46: 0.966 | T46: 0.986 | U46: 8.2 | V46: 0.923 | W46: 0.925 | X46: 0.924 | Y46: 0.975 | Z46: 10.4 | AA46: 44 | AB46: 0.92 | AC46: 5.81 | AD46: 47.7 | AE46: 9.2 | AF46: -0.006 | AG46: 0.62 | AH46: 7.9 | AI46: 113 | AJ46: 2132 | AK46: 193 | AL46: 5 | AM46: 5 | AN46: -0.0679 | AO46: 0.0313 | AP46: -0.0586 | AQ46: 0.0265 | AR46: 11 | AS46: 24 | AT46: 16 | AU46: 0 | AV46: 117 | AW46: 15.9 | AX46: 134.3 | AY46: 2026-09-06T11:54:46
A47: 46 | B47: 11:57:00 | C47: neighbor | E47: 0.7 | F47: -1.25 | G47: -0.83 | H47: 0.1 | I47: 0.7 | J47: 0.6 | K47: 3 | L47: 24 | M47: 20260905 | N47: 0 | O47: 0.9649 | P47: quad | Q47: 0.976 | R47: 0.954 | S47: 0.965 | T47: 0.987 | U47: 7.8 | V47: 0.97 | W47: 0.887 | X47: 0.929 | Y47: 0.975 | Z47: 10.7 | AA47: 44 | AB47: 0.92 | AC47: 5.46 | AD47: 42.4 | AE47: 8.6 | AF47: 0.037 | AG47: 0.5 | AH47: 6.2 | AI47: 117 | AJ47: 2033 | AK47: 192 | AL47: 7 | AM47: 19 | AN47: -0.0564 | AO47: 0.0718 | AP47: -0.0512 | AQ47: 0.0351 | AR47: 11 | AS47: 14 | AT47: 11 | AU47: 0 | AV47: 92 | AW47: 15.5 | AX47: 108.2 | AY47: 2026-09-06T11:57:00
A48: 47 | B48: 11:58:48 | C48: neighbor | E48: 0.6 | F48: -1.25 | G48: -0.93 | H48: 0 | I48: 0.7 | J48: 0.6 | K48: 3 | L48: 24 | M48: 20260906 | N48: 0 | O48: 0.9437 | P48: quad | Q48: 0.957 | R48: 0.93 | S48: 0.944 | T48: 0.989 | U48: 6.2 | V48: 0.816 | W48: 0.935 | X48: 0.876 | Y48: 0.977 | Z48: 9.1 | AA48: 48 | AB48: 1 | AC48: 4.19 | AD48: 25.9 | AE48: 7.7 | AF48: 0.001 | AG48: 0.62 | AH48: 7.4 | AI48: 111 | AJ48: 2111 | AK48: 190 | AL48: 5 | AM48: 5 | AN48: -0.0373 | AO48: 0.05 | AP48: -0.0453 | AQ48: 0.0637 | AR48: 12 | AS48: 9 | AT48: 14 | AU48: 0 | AV48: 94 | AW48: 16.2 | AX48: 111.5 | AY48: 2026-09-06T11:58:48
A49: 48 | B49: 12:00:40 | C49: ref | E49: 0.7 | F49: -1.25 | G49: -0.93 | H49: 0 | I49: 0.7 | J49: 0.6 | K49: 3 | L49: 24 | M49: 20260910 | N49: 1 | O49: 0.974 | P49: quad | Q49: 0.982 | R49: 0.967 | S49: 0.974 | T49: 0.99 | U49: 6.6 | V49: 0.914 | W49: 0.94 | X49: 0.927 | Y49: 0.973 | Z49: 11 | AA49: 46 | AB49: 0.96 | AC49: 6.23 | AD49: 41.4 | AE49: 8.5 | AF49: 0.008 | AG49: 0.46 | AH49: 7.7 | AI49: 128 | AJ49: 2116 | AK49: 189 | AL49: 3 | AM49: 9 | AN49: -0.0443 | AO49: 0.0484 | AP49: -0.0395 | AQ49: 0.0386 | AR49: 12 | AS49: 9 | AT49: 13 | AU49: 0 | AV49: 97 | AW49: 15.4 | AX49: 174.7 | AY49: 2026-09-06T12:00:40
A50: 49 | B50: 12:03:34 | C50: neighbor | E50: 0.7 | F50: -1.25 | G50: -0.93 | H50: 0 | I50: 0.8 | J50: 0.6 | K50: 3 | L50: 24 | M50: 20260906 | N50: 0 | O50: 0.9507 | P50: quad | Q50: 0.957 | R50: 0.945 | S50: 0.951 | T50: 0.986 | U50: 7.5 | V50: 0.925 | W50: 0.916 | X50: 0.921 | Y50: 0.977 | Z50: 9.5 | AA50: 48 | AB50: 1 | AC50: 4.45 | AD50: 33.4 | AE50: 9.3 | AF50: 0.012 | AG50: 0.5 | AH50: 7.7 | AI50: 153 | AJ50: 2074 | AK50: 181 | AL50: 1 | AM50: 6 | AN50: -0.0504 | AO50: 0.0561 | AP50: -0.042 | AQ50: 0.0488 | AR50: 12 | AS50: 10 | AT50: 10 | AU50: 0 | AV50: 110 | AW50: 16.2 | AX50: 249.6 | AY50: 2026-09-06T12:03:34
A51: 50 | B51: 12:07:44 | C51: neighbor | E51: 0.7 | F51: -1.5 | G51: -0.93 | H51: 0 | I51: 0.7 | J51: 0.6 | K51: 3 | L51: 24 | M51: 20260906 | N51: 0 | O51: 0.9759 | P51: quad | Q51: 0.974 | R51: 0.978 | S51: 0.976 | T51: 0.992 | U51: 6 | V51: 0.904 | W51: 0.898 | X51: 0.901 | Y51: 0.968 | Z51: 12.2 | AA51: 48 | AB51: 1 | AC51: 6.25 | AD51: 37.6 | AE51: 8.4 | AF51: -0.012 | AG51: 0.71 | AH51: 6.4 | AI51: 129 | AJ51: 1742 | AK51: 205 | AL51: 1 | AM51: 10 | AN51: -0.0674 | AO51: 0.0761 | AP51: -0.0662 | AQ51: 0.0695 | AR51: 14 | AS51: 15 | AT51: 9 | AU51: 0 | AV51: 77 | AW51: 15.3 | AX51: 93.1 | AY51: 2026-09-06T12:07:44
A52: 51 | B52: 12:09:17 | C52: neighbor | E52: 0.75 | F52: -1.25 | G52: -0.93 | H52: 0 | I52: 0.7 | J52: 0.6 | K52: 3 | L52: 24 | M52: 20260906 | N52: 0 | O52: 0.8394 | P52: quad | Q52: 0.834 | R52: 0.845 | S52: 0.839 | T52: 0.94 | U52: 16.1 | V52: 0.74 | W52: -0.023 | X52: 0.358 | Y52: 0.779 | Z52: 30.8 | AA52: 40 | AB52: 0.83 | AC52: 2.36 | AD52: 38.1 | AE52: 8.8 | AF52: 0.005 | AG52: 0.54 | AH52: 8.5 | AI52: 113 | AJ52: 2121 | AK52: 175 | AL52: 5 | AM52: 22 | AN52: -0.0528 | AO52: 0.0511 | AP52: -0.0329 | AQ52: 0.029 | AR52: 26 | AS52: 7 | AT52: 4 | AU52: 0 | AV52: 134 | AW52: 15.7 | AX52: 273.1 | AY52: 2026-09-06T12:09:17
... A54: 53 | B54: 12:16:59 | C54: neighbor | E54: 0.7 | F54: -1.25 | G54: -0.93 | H54: 0 | I54: 0.7 | J54: 0.7 | K54: 3 | L54: 24 | M54: 20260906 | N54: 0 | O54: 0.9768 | P54: quad | Q54: 0.972 | R54: 0.982 | S54: 0.977 | T54: 0.993 | U54: 5 | V54: 0.929 | W54: 0.89 | X54: 0.91 | Y54: 0.972 | Z54: 10.4 | AA54: 42 | AB54: 0.88 | AC54: 6.73 | AD54: 33.9 | AE54: 7.5 | AF54: -0.011 | AG54: 0.5 | AH54: 5.8 | AI54: 103 | AJ54: 2107 | AK54: 183 | AL54: 5 | AM54: 17 | AN54: -0.0588 | AO54: 0.049 | AP54: -0.0577 | AQ54: 0.0316 | AR54: 10 | AS54: 21 | AT54: 27 | AU54: 0 | AV54: 140 | AW54: 16.6 | AX54: 157.7 | AY54: 2026-09-06T12:16:59
A55: 54 | B55: 12:19:36 | C55: queue | D55: A 0.75/0.8/0.6 | E55: 0.75 | F55: -1.25 | G55: -0.93 | H55: 0 | I55: 0.8 | J55: 0.6 | K55: 3 | L55: 24 | M55: 20260906 | N55: 0 | O55: 0.9601 | P55: quad | Q55: 0.946 | R55: 0.975 | S55: 0.96 | T55: 0.987 | U55: 7.5 | V55: 0.956 | W55: 0.919 | X55: 0.938 | Y55: 0.979 | Z55: 9.5 | AA55: 48 | AB55: 1 | AC55: 5.42 | AD55: 40.7 | AE55: 9.1 | AF55: 0.006 | AG55: 0.54 | AH55: 7.4 | AI55: 160 | AJ55: 2044 | AK55: 194 | AL55: 2 | AM55: 9 | AN55: -0.0492 | AO55: 0.0409 | AP55: -0.0472 | AQ55: 0.0444 | AR55: 10 | AS55: 11 | AT55: 27 | AU55: 0 | AV55: 66 | AW55: 15.9 | AX55: 82.7 | AY55: 2026-09-06T12:19:36
A56: 55 | B56: 12:20:59 | C56: queue | D56: B 0.7/0.7/0.7 | E56: 0.7 | F56: -1.25 | G56: -0.93 | H56: 0 | I56: 0.7 | J56: 0.7 | K56: 3 | L56: 24 | M56: 20260907 | N56: 0 | O56: 0.9746 | P56: quad | Q56: 0.972 | R56: 0.977 | S56: 0.975 | T56: 0.991 | U56: 6.3 | V56: 0.934 | W56: 0.963 | X56: 0.949 | Y56: 0.981 | Z56: 9.2 | AA56: 46 | AB56: 0.96 | AC56: 6.57 | AD56: 41.6 | AE56: 8.3 | AF56: -0.02 | AG56: 0.67 | AH56: 5.5 | AI56: 100 | AJ56: 2111 | AK56: 186 | AL56: 4 | AM56: 9 | AN56: -0.0541 | AO56: 0.0472 | AP56: -0.0391 | AQ56: 0.0449 | AR56: 7 | AS56: 22 | AT56: 6 | AU56: 0 | AV56: 79 | AW56: 16 | AX56: 96.1 | AY56: 2026-09-06T12:20:59
A57: 56 | B57: 12:22:35 | C57: queue | D57: C mbl-1.5 | E57: 0.7 | F57: -1.5 | G57: -0.93 | H57: 0 | I57: 0.7 | J57: 0.6 | K57: 3 | L57: 24 | M57: 20260907 | N57: 0 | O57: 0.977 | P57: quad | Q57: 0.969 | R57: 0.985 | S57: 0.977 | T57: 0.99 | U57: 7.2 | V57: 0.986 | W57: 0.948 | X57: 0.967 | Y57: 0.987 | Z57: 8.1 | AA57: 46 | AB57: 0.96 | AC57: 6.55 | AD57: 46.9 | AE57: 8.1 | AF57: 0.018 | AG57: 0.5 | AH57: 5.2 | AI57: 116 | AJ57: 1758 | AK57: 204 | AL57: 7 | AM57: 8 | AN57: -0.0765 | AO57: 0.0925 | AP57: -0.0606 | AQ57: 0.06 | AR57: 14 | AS57: 8 | AT57: 21 | AU57: 0 | AV57: 111 | AW57: 16.3 | AX57: 128.8 | AY57: 2026-09-06T12:22:35
A58: 57 | B58: 12:24:44 | C58: queue | D58: D 0.75/0.8/0.7 | E58: 0.75 | F58: -1.25 | G58: -0.93 | H58: 0 | I58: 0.8 | J58: 0.7 | K58: 3 | L58: 24 | M58: 20260905 | N58: 0 | O58: 0.9624 | P58: quad | Q58: 0.974 | R58: 0.95 | S58: 0.962 | T58: 0.985 | U58: 8.6 | V58: 0.95 | W58: 0.926 | X58: 0.938 | Y58: 0.975 | Z58: 11 | AA58: 48 | AB58: 1 | AC58: 5.43 | AD58: 46.5 | AE58: 10.1 | AF58: -0.035 | AG58: 0.67 | AH58: 8.4 | AI58: 149 | AJ58: 2083 | AK58: 189 | AL58: 2 | AM58: 7 | AN58: -0.0351 | AO58: 0.054 | AP58: -0.0386 | AQ58: 0.0558 | AR58: 6 | AS58: 17 | AT58: 11 | AU58: 0 | AV58: 148 | AW58: 16.7 | AX58: 166 | AY58: 2026-09-06T12:24:44
A59: 58 | B59: 12:27:30 | C59: queue | D59: A 0.75/0.8/0.6 | E59: 0.75 | F59: -1.25 | G59: -0.93 | H59: 0 | I59: 0.8 | J59: 0.6 | K59: 3 | L59: 24 | M59: 20260907 | N59: 0 | O59: 0.9816 | P59: quad | Q59: 0.983 | R59: 0.98 | S59: 0.982 | T59: 0.992 | U59: 6.5 | V59: 0.928 | W59: 0.484 | X59: 0.706 | Y59: 0.869 | Z59: 26 | AA59: 48 | AB59: 1 | AC59: 7.57 | AD59: 49.3 | AE59: 8.7 | AF59: -0.02 | AG59: 0.62 | AH59: 5.8 | AI59: 143 | AJ59: 2081 | AK59: 189 | AL59: 3 | AM59: 41 | AN59: -0.0424 | AO59: 0.0537 | AP59: -0.0463 | AQ59: 0.0166 | AR59: 15 | AS59: 23 | AT59: 16 | AU59: 0 | AV59: 84 | AW59: 16 | AX59: 100.8 | AY59: 2026-09-06T12:27:30
A60: 59 | B60: 12:29:11 | C60: queue | D60: B 0.7/0.7/0.7 | E60: 0.7 | F60: -1.25 | G60: -0.93 | H60: 0 | I60: 0.7 | J60: 0.7 | K60: 3 | L60: 24 | M60: 20260908 | N60: 0 | O60: 0.9602 | P60: quad | Q60: 0.975 | R60: 0.945 | S60: 0.96 | T60: 0.991 | U60: 6 | V60: 0.796 | W60: 0.847 | X60: 0.822 | Y60: 0.957 | Z60: 12.8 | AA60: 44 | AB60: 0.92 | AC60: 5.02 | AD60: 29.9 | AE60: 8.6 | AF60: 0.006 | AG60: 0.58 | AH60: 8.3 | AI60: 99 | AJ60: 2129 | AK60: 184 | AL60: 5 | AM60: 11 | AN60: -0.0409 | AO60: 0.041 | AP60: -0.0544 | AQ60: 0.0304 | AR60: 8 | AS60: 10 | AT60: 6 | AU60: 0 | AV60: 91 | AW60: 15.8 | AX60: 107.9 | AY60: 2026-09-06T12:29:11
A61: 60 | B61: 12:30:59 | C61: queue | D61: C mbl-1.5 | E61: 0.7 | F61: -1.5 | G61: -0.93 | H61: 0 | I61: 0.7 | J61: 0.6 | K61: 3 | L61: 24 | M61: 20260908 | N61: 0 | O61: 0.9501 | P61: quad | Q61: 0.948 | R61: 0.952 | S61: 0.95 | T61: 0.987 | U61: 7.6 | V61: 0.862 | W61: 0.949 | X61: 0.906 | Y61: 0.975 | Z61: 10.5 | AA61: 46 | AB61: 0.96 | AC61: 4.38 | AD61: 33.4 | AE61: 7.5 | AF61: 0.012 | AG61: 0.67 | AH61: 7.3 | AI61: 98 | AJ61: 1778 | AK61: 205 | AL61: 2 | AM61: 6 | AN61: -0.0622 | AO61: 0.0842 | AP61: -0.0498 | AQ61: 0.0635 | AR61: 8 | AS61: 18 | AT61: 12 | AU61: 0 | AV61: 90 | AW61: 16.3 | AX61: 107.2 | AY61: 2026-09-06T12:30:59
A62: 61 | B62: 12:32:50 | C62: queue | D62: D 0.75/0.8/0.7 | E62: 0.75 | F62: -1.25 | G62: -0.93 | H62: 0 | I62: 0.8 | J62: 0.7 | K62: 3 | L62: 24 | M62: 20260906 | N62: 0 | O62: 0.9496 | P62: quad | Q62: 0.964 | R62: 0.935 | S62: 0.95 | T62: 0.981 | U62: 9.3 | V62: 0.93 | W62: 0.853 | X62: 0.891 | Y62: 0.959 | Z62: 13.7 | AA62: 48 | AB62: 1 | AC62: 4.5 | AD62: 41.9 | AE62: 8.8 | AF62: -0.005 | AG62: 0.54 | AH62: 5.7 | AI62: 126 | AJ62: 2109 | AK62: 194 | AL62: 8 | AM62: 19 | AN62: -0.0436 | AO62: 0.0273 | AP62: -0.0229 | AQ62: 0.0084 | AR62: 9 | AS62: 26 | AT62: 10 | AU62: 0 | AV62: 147 | AW62: 16 | AX62: 163.6 | AY62: 2026-09-06T12:32:50
A63: 62 | B63: 12:35:34 | C63: queue | D63: A 0.75/0.8/0.6 | E63: 0.75 | F63: -1.25 | G63: -0.93 | H63: 0 | I63: 0.8 | J63: 0.6 | K63: 3 | L63: 24 | M63: 20260908 | N63: 0 | O63: 0.9441 | P63: quad | Q63: 0.945 | R63: 0.943 | S63: 0.944 | T63: 0.985 | U63: 7.7 | V63: 0.927 | W63: 0.908 | X63: 0.918 | Y63: 0.977 | Z63: 9.4 | AA63: 48 | AB63: 1 | AC63: 4.48 | AD63: 34.7 | AE63: 7.9 | AF63: -0.031 | AG63: 0.58 | AH63: 5.3 | AI63: 123 | AJ63: 2085 | AK63: 188 | AL63: 7 | AM63: 12 | AN63: -0.0406 | AO63: 0.0302 | AP63: -0.0445 | AQ63: 0.0361 | AR63: 12 | AS63: 18 | AT63: 11 | AU63: 0 | AV63: 84 | AW63: 16.4 | AX63: 101.8 | AY63: 2026-09-06T12:35:34
A64: 63 | B64: 12:37:16 | C64: queue | D64: B 0.7/0.7/0.7 | E64: 0.7 | F64: -1.25 | G64: -0.93 | H64: 0 | I64: 0.7 | J64: 0.7 | K64: 3 | L64: 24 | M64: 20260909 | N64: 0 | O64: 0.9795 | P64: quad | Q64: 0.981 | R64: 0.978 | S64: 0.98 | T64: 0.992 | U64: 5.7 | V64: 0.964 | W64: 0.951 | X64: 0.957 | Y64: 0.984 | Z64: 8.3 | AA64: 48 | AB64: 1 | AC64: 6.97 | AD64: 39.9 | AE64: 6.5 | AF64: -0.007 | AG64: 0.67 | AH64: 6.9 | AI64: 101 | AJ64: 2125 | AK64: 183 | AL64: 1 | AM64: 8 | AN64: -0.0439 | AO64: 0.0457 | AP64: -0.0459 | AQ64: 0.0369 | AR64: 6 | AS64: 12 | AT64: 19 | AU64: 0 | AV64: 117 | AW64: 16 | AX64: 134.2 | AY64: 2026-09-06T12:37:16
A65: 64 | B65: 12:39:30 | C65: queue | D65: E mbl-1.75 | E65: 0.7 | F65: -1.75 | G65: -0.93 | H65: 0 | I65: 0.7 | J65: 0.6 | K65: 3 | L65: 24 | M65: 20260905 | N65: 0 | O65: 0.9902 | P65: quad | Q65: 0.99 | R65: 0.991 | S65: 0.99 | T65: 0.996 | U65: 4.8 | V65: 0.966 | W65: 0.978 | X65: 0.972 | Y65: 0.988 | Z65: 8.1 | AA65: 48 | AB65: 1 | AC65: 10.03 | AD65: 47.9 | AE65: 9 | AF65: 0.014 | AG65: 0.58 | AH65: 6.2 | AI65: 129 | AJ65: 1273 | AK65: 220 | AL65: 2 | AM65: 9 | AN65: -0.0761 | AO65: 0.1167 | AP65: -0.0733 | AQ65: 0.0898 | AR65: 7 | AS65: 6 | AT65: 12 | AU65: 0 | AV65: 94 | AW65: 16.3 | AX65: 111.8 | AY65: 2026-09-06T12:39:30
A66: 65 | B66: 12:41:22 | C66: queue | D66: F mbl-1.5 0.75 | E66: 0.75 | F66: -1.5 | G66: -0.93 | H66: 0 | I66: 0.8 | J66: 0.6 | K66: 3 | L66: 24 | M66: 20260905 | N66: 0 | O66: 0.9844 | P66: quad | Q66: 0.988 | R66: 0.98 | S66: 0.984 | T66: 0.993 | U66: 6.2 | V66: 0.986 | W66: 0.956 | X66: 0.971 | Y66: 0.987 | Z66: 8.6 | AA66: 48 | AB66: 1 | AC66: 8.4 | AD66: 52.5 | AE66: 9.4 | AF66: 0 | AG66: 0.54 | AH66: 5.4 | AI66: 142 | AJ66: 1710 | AK66: 210 | AL66: 10 | AM66: 9 | AN66: -0.055 | AO66: 0.07 | AP66: -0.0744 | AQ66: 0.0624 | AR66: 9 | AS66: 7 | AT66: 23 | AU66: 0 | AV66: 143 | AW66: 16.3 | AX66: 160 | AY66: 2026-09-06T12:41:22
A67: 66 | B67: 12:44:02 | C67: neighbor | E67: 0.7 | F67: -1.25 | G67: -0.93 | H67: 0 | I67: 0.8 | J67: 0.6 | K67: 3 | L67: 24 | M67: 20260907 | N67: 0 | O67: 0.9682 | P67: curve | Q67: 0.96 | R67: 0.958 | S67: 0.959 | T67: 0.985 | U67: 8.5 | V67: 0.977 | W67: 0.959 | X67: 0.968 | Y67: 0.988 | Z67: 7.4 | AA67: 48 | AB67: 1 | AC67: 5.08 | AD67: 43.1 | AE67: 9.1 | AF67: -0.013 | AG67: 0.5 | AH67: 8.5 | AI67: 128 | AJ67: 2096 | AK67: 190 | AL67: 9 | AM67: 15 | AN67: -0.0415 | AO67: 0.0579 | AP67: -0.0562 | AQ67: 0.0357 | AR67: 10 | AS67: 8 | AT67: 8 | AU67: 0 | AV67: 122 | AW67: 16.4 | AX67: 139.5 | AY67: 2026-09-06T12:44:02
A68: 67 | B68: 12:46:21 | C68: neighbor | E68: 0.75 | F68: -1.25 | G68: -0.93 | H68: 0 | I68: 0.7 | J68: 0.6 | K68: 3 | L68: 24 | M68: 20260907 | N68: 0 | O68: 0.9837 | P68: quad | Q68: 0.974 | R68: 0.993 | S68: 0.984 | T68: 0.993 | U68: 5.8 | V68: 0.987 | W68: 0.98 | X68: 0.983 | Y68: 0.993 | Z68: 6 | AA68: 48 | AB68: 1 | AC68: 7.92 | AD68: 46.3 | AE68: 6.5 | AF68: -0.02 | AG68: 0.71 | AH68: 6.2 | AI68: 128 | AJ68: 2110 | AK68: 181 | AL68: 5 | AM68: 8 | AN68: -0.0518 | AO68: 0.0492 | AP68: -0.0451 | AQ68: 0.0386 | AR68: 9 | AS68: 17 | AT68: 14 | AU68: 0 | AV68: 80 | AW68: 16.1 | AX68: 158.2 | AY68: 2026-09-06T12:46:21
A69: 68 | B69: 12:48:59 | C69: neighbor | E69: 0.6 | F69: -1.25 | G69: -0.93 | H69: 0 | I69: 0.7 | J69: 0.6 | K69: 3 | L69: 24 | M69: 20260907 | N69: 0 | O69: 0.9488 | P69: quad | Q69: 0.943 | R69: 0.955 | S69: 0.949 | T69: 0.988 | U69: 6.6 | V69: 0.911 | W69: 0.874 | X69: 0.893 | Y69: 0.975 | Z69: 9.5 | AA69: 48 | AB69: 1 | AC69: 4.87 | AD69: 31.9 | AE69: 8.6 | AF69: -0.027 | AG69: 0.62 | AH69: 5.1 | AI69: 119 | AJ69: 2111 | AK69: 194 | AL69: 1 | AM69: 18 | AN69: -0.0374 | AO69: 0.056 | AP69: -0.0382 | AQ69: 0.0395 | AR69: 9 | AS69: 8 | AT69: 10 | AU69: 0 | AV69: 114 | AW69: 15.1 | AX69: 130 | AY69: 2026-09-06T12:48:59
A70: 69 | B70: 12:51:10 | C70: explore2 | E70: 0.7 | F70: -1.5 | G70: -0.93 | H70: 0 | I70: 0.8 | J70: 0.6 | K70: 3 | L70: 24 | M70: 20260905 | N70: 0 | O70: 0.985 | P70: quad | Q70: 0.989 | R70: 0.981 | S70: 0.985 | T70: 0.994 | U70: 5.4 | V70: 0.98 | W70: 0.962 | X70: 0.971 | Y70: 0.989 | Z70: 7.5 | AA70: 48 | AB70: 1 | AC70: 8.18 | AD70: 44.3 | AE70: 8.4 | AF70: 0.012 | AG70: 0.62 | AH70: 5.2 | AI70: 155 | AJ70: 1714 | AK70: 206 | AL70: 3 | AM70: 8 | AN70: -0.0613 | AO70: 0.0663 | AP70: -0.0547 | AQ70: 0.0746 | AR70: 8 | AS70: 8 | AT70: 8 | AU70: 0 | AV70: 147 | AW70: 15.7 | AX70: 163.4 | AY70: 2026-09-06T12:51:10
A71: 70 | B71: 12:53:53 | C71: ref | E71: 0.7 | F71: -1.25 | G71: -0.93 | H71: 0 | I71: 0.7 | J71: 0.6 | K71: 3 | L71: 24 | M71: 20260912 | N71: 1 | O71: 0.9791 | P71: quad | Q71: 0.977 | R71: 0.982 | S71: 0.979 | T71: 0.993 | U71: 5.6 | V71: 0.931 | W71: 0.956 | X71: 0.944 | Y71: 0.981 | Z71: 9.1 | AA71: 48 | AB71: 1 | AC71: 6.98 | AD71: 38.9 | AE71: 6.7 | AF71: 0.028 | AG71: 0.46 | AH71: 5.6 | AI71: 127 | AJ71: 2104 | AK71: 186 | AL71: 2 | AM71: 4 | AN71: -0.0341 | AO71: 0.0433 | AP71: -0.0411 | AQ71: 0.0366 | AR71: 8 | AS71: 9 | AT71: 7 | AU71: 0 | AV71: 95 | AW71: 15 | AX71: 110.9 | AY71: 2026-09-06T12:53:53
A72: 71 | B72: 12:55:44 | C72: explore2 | E72: 0.75 | F72: -1.25 | G72: -0.93 | H72: 0 | I72: 0.7 | J72: 0.7 | K72: 3 | L72: 24 | M72: 20260905 | N72: 0 | O72: 0.9845 | P72: quad | Q72: 0.989 | R72: 0.98 | S72: 0.985 | T72: 0.993 | U72: 5.5 | V72: 0.962 | W72: 0.969 | X72: 0.965 | Y72: 0.988 | Z72: 6.9 | AA72: 44 | AB72: 0.92 | AC72: 8.36 | AD72: 46.4 | AE72: 6.6 | AF72: -0.031 | AG72: 0.5 | AH72: 5.8 | AI72: 96 | AJ72: 2112 | AK72: 188 | AL72: 0 | AM72: 5 | AN72: -0.0529 | AO72: 0.0386 | AP72: -0.0558 | AQ72: 0.0293 | AR72: 6 | AS72: 8 | AT72: 15 | AU72: 0 | AV72: 114 | AW72: 15.2 | AX72: 130.4 | AY72: 2026-09-06T12:55:44
A73: 72 | B73: 12:57:54 | C73: explore2 | E73: 0.7 | F73: -1.25 | G73: -0.93 | H73: 0 | I73: 0.8 | J73: 0.7 | K73: 3 | L73: 24 | M73: 20260905 | N73: 0 | O73: 0.9831 | P73: quad | Q73: 0.978 | R73: 0.988 | S73: 0.983 | T73: 0.994 | U73: 5.3 | V73: 0.979 | W73: 0.975 | X73: 0.977 | Y73: 0.991 | Z73: 6.2 | AA73: 48 | AB73: 1 | AC73: 7.42 | AD73: 39.5 | AE73: 8 | AF73: 0.003 | AG73: 0.62 | AH73: 5.5 | AI73: 147 | AJ73: 2094 | AK73: 184 | AL73: 2 | AM73: 6 | AN73: -0.0467 | AO73: 0.0456 | AP73: -0.0401 | AQ73: 0.0421 | AR73: 8 | AS73: 8 | AT73: 16 | AU73: 0 | AV73: 126 | AW73: 15.9 | AX73: 142.9 | AY73: 2026-09-06T12:57:54
A74: 73 | B74: 13:00:17 | C74: explore2 | E74: 0.75 | F74: -1.5 | G74: -0.93 | H74: 0 | I74: 0.7 | J74: 0.6 | K74: 3 | L74: 24 | M74: 20260905 | N74: 0 | O74: 0.9831 | P74: quad | Q74: 0.984 | R74: 0.982 | S74: 0.983 | T74: 0.993 | U74: 6.5 | V74: 0.974 | W74: 0.976 | X74: 0.975 | Y74: 0.989 | Z74: 8 | AA74: 46 | AB74: 0.96 | AC74: 7.93 | AD74: 51.5 | AE74: 7.7 | AF74: 0.009 | AG74: 0.58 | AH74: 6.4 | AI74: 121 | AJ74: 1756 | AK74: 208 | AL74: 4 | AM74: 11 | AN74: -0.0579 | AO74: 0.0693 | AP74: -0.0507 | AQ74: 0.0608 | AR74: 11 | AS74: 20 | AT74: 20 | AU74: 0 | AV74: 95 | AW74: 15.5 | AX74: 111.1 | AY74: 2026-09-06T13:00:17
A75: 74 | B75: 13:02:08 | C75: explore2 | E75: 0.6 | F75: -1.25 | G75: -0.93 | H75: 0 | I75: 0.8 | J75: 0.6 | K75: 3 | L75: 24 | M75: 20260905 | N75: 0 | O75: 0.9808 | P75: quad | Q75: 0.972 | R75: 0.989 | S75: 0.981 | T75: 0.996 | U75: 3.9 | V75: 0.951 | W75: 0.982 | X75: 0.966 | Y75: 0.992 | Z75: 5.2 | AA75: 48 | AB75: 1 | AC75: 7.46 | AD75: 29.3 | AE75: 7.9 | AF75: -0.003 | AG75: 0.75 | AH75: 4.1 | AI75: 151 | AJ75: 2086 | AK75: 187 | AL75: 4 | AM75: 10 | AN75: -0.0509 | AO75: 0.0414 | AP75: -0.0505 | AQ75: 0.0427 | AR75: 8 | AS75: 18 | AT75: 15 | AU75: 0 | AV75: 103 | AW75: 15.8 | AX75: 120 | AY75: 2026-09-06T13:02:08
A76: 75 | B76: 13:04:08 | C76: ref | E76: 0.7 | F76: -1.25 | G76: -0.93 | H76: 0 | I76: 0.7 | J76: 0.6 | K76: 3 | L76: 24 | M76: 20260913 | N76: 1 | O76: 0.9731 | P76: quad | Q76: 0.958 | R76: 0.988 | S76: 0.973 | T76: 0.991 | U76: 6.2 | V76: 0.903 | W76: 0.955 | X76: 0.929 | Y76: 0.975 | Z76: 10.2 | AA76: 48 | AB76: 1 | AC76: 6.63 | AD76: 41.4 | AE76: 7.1 | AF76: -0.011 | AG76: 0.46 | AH76: 6.6 | AI76: 101 | AJ76: 2085 | AK76: 191 | AL76: 3 | AM76: 11 | AN76: -0.0317 | AO76: 0.0481 | AP76: -0.0479 | AQ76: 0.0313 | AR76: 10 | AS76: 26 | AT76: 22 | AU76: 0 | AV76: 94 | AW76: 15.8 | AX76: 110.5 | AY76: 2026-09-06T13:04:08
A77: 76 | B77: 13:05:59 | C77: explore2 | E77: 0.6 | F77: -1.25 | G77: -0.93 | H77: 0 | I77: 0.7 | J77: 0.7 | K77: 3 | L77: 24 | M77: 20260905 | N77: 0 | O77: 0.9706 | P77: quad | Q77: 0.978 | R77: 0.964 | S77: 0.971 | T77: 0.993 | U77: 4.8 | V77: 0.957 | W77: 0.959 | X77: 0.958 | Y77: 0.99 | Z77: 5.8 | AA77: 48 | AB77: 1 | AC77: 6.03 | AD77: 29.1 | AE77: 7.2 | AF77: -0.016 | AG77: 0.5 | AH77: 5.4 | AI77: 104 | AJ77: 2129 | AK77: 184 | AL77: 3 | AM77: 7 | AN77: -0.0462 | AO77: 0.0474 | AP77: -0.0537 | AQ77: 0.041 | AR77: 6 | AS77: 7 | AT77: 6 | AU77: 0 | AV77: 128 | AW77: 16.1 | AX77: 206.1 | AY77: 2026-09-06T13:05:59
A78: 77 | B78: 13:09:25 | C78: explore2 | E78: 0.6 | F78: -1.5 | G78: -0.93 | H78: 0 | I78: 0.7 | J78: 0.6 | K78: 3 | L78: 24 | M78: 20260905 | N78: 0 | O78: 0.9768 | P78: quad | Q78: 0.974 | R78: 0.98 | S78: 0.977 | T78: 0.994 | U78: 5.1 | V78: 0.958 | W78: 0.957 | X78: 0.958 | Y78: 0.988 | Z78: 6.9 | AA78: 48 | AB78: 1 | AC78: 6.69 | AD78: 34 | AE78: 7.9 | AF78: -0.019 | AG78: 0.62 | AH78: 5.1 | AI78: 103 | AJ78: 1778 | AK78: 211 | AL78: 0 | AM78: 5 | AN78: -0.0693 | AO78: 0.0826 | AP78: -0.0517 | AQ78: 0.0699 | AR78: 7 | AS78: 21 | AT78: 13 | AU78: 0 | AV78: 130 | AW78: 16.4 | AX78: 146.8 | AY78: 2026-09-06T13:09:25
... A81: 80 | B81: 13:16:11 | C81: ref | E81: 0.7 | F81: -1.25 | G81: -0.93 | H81: 0 | I81: 0.7 | J81: 0.6 | K81: 3 | L81: 24 | M81: 20260914 | N81: 1 | O81: 0.9797 | P81: quad | Q81: 0.987 | R81: 0.972 | S81: 0.98 | T81: 0.993 | U81: 5.3 | V81: 0.953 | W81: 0.949 | X81: 0.951 | Y81: 0.984 | Z81: 8.2 | AA81: 48 | AB81: 1 | AC81: 7.11 | AD81: 37.7 | AE81: 8.2 | AF81: -0.01 | AG81: 0.42 | AH81: 4.6 | AI81: 127 | AJ81: 2105 | AK81: 188 | AL81: 2 | AM81: 6 | AN81: -0.0516 | AO81: 0.0394 | AP81: -0.0628 | AQ81: 0.0306 | AR81: 9 | AS81: 14 | AT81: 6 | AU81: 0 | AV81: 117 | AW81: 16.7 | AX81: 195.8 | AY81: 2026-09-06T13:16:11
A82: 81 | B82: 13:19:31 | C82: queue | D82: G mbl-1.75 | E82: 0.7 | F82: -1.75 | G82: -0.93 | H82: 0 | I82: 0.7 | J82: 0.6 | K82: 3 | L82: 24 | M82: 20260906 | N82: 0 | O82: 0.987 | P82: quad | Q82: 0.99 | R82: 0.984 | S82: 0.987 | T82: 0.996 | U82: 4.6 | V82: 0.977 | W82: 0.956 | X82: 0.967 | Y82: 0.989 | Z82: 7.4 | AA82: 48 | AB82: 1 | AC82: 9.08 | AD82: 41.9 | AE82: 9.2 | AF82: -0.003 | AG82: 0.75 | AH82: 4.4 | AI82: 139 | AJ82: 1256 | AK82: 226 | AL82: 1 | AM82: 8 | AN82: -0.0724 | AO82: 0.1103 | AP82: -0.0707 | AQ82: 0.0871 | AR82: 8 | AS82: 19 | AT82: 15 | AU82: 0 | AV82: 80 | AW82: 15.9 | AX82: 96.8 | AY82: 2026-09-06T13:19:31
A83: 82 | B83: 13:21:08 | C83: queue | D83: H mbl-2.0 | E83: 0.7 | F83: -2 | G83: -0.93 | H83: 0 | I83: 0.7 | J83: 0.6 | K83: 3 | L83: 24 | M83: 20260905 | N83: 0 | O83: 0.9836 | P83: quad | Q83: 0.986 | R83: 0.981 | S83: 0.984 | T83: 0.994 | U83: 6.3 | V83: 0.978 | W83: 0.954 | X83: 0.966 | Y83: 0.987 | Z83: 9.1 | AA83: 48 | AB83: 1 | AC83: 8.15 | AD83: 51.6 | AE83: 9.1 | AF83: -0.008 | AG83: 0.75 | AH83: 6.4 | AI83: 145 | AJ83: 669 | AK83: 238 | AL83: 1 | AM83: 10 | AN83: -0.0763 | AO83: 0.1444 | AP83: -0.0894 | AQ83: 0.1331 | AR83: 8 | AS83: 3 | AT83: 5 | AU83: 0 | AV83: 95 | AW83: 15.4 | AX83: 172.5 | AY83: 2026-09-06T13:21:08
A84: 83 | B84: 13:24:00 | C84: queue | D84: I mbl-1.75 fit0.7 | E84: 0.7 | F84: -1.75 | G84: -0.93 | H84: 0 | I84: 0.7 | J84: 0.7 | K84: 3 | L84: 24 | M84: 20260905 | N84: 0 | O84: 0.9834 | P84: quad | Q84: 0.978 | R84: 0.989 | S84: 0.983 | T84: 0.993 | U84: 6.1 | V84: 0.962 | W84: 0.973 | X84: 0.967 | Y84: 0.987 | Z84: 8.6 | AA84: 48 | AB84: 1 | AC84: 7.92 | AD84: 48.4 | AE84: 9.3 | AF84: -0.01 | AG84: 0.62 | AH84: 6.6 | AI84: 131 | AJ84: 1280 | AK84: 223 | AL84: 1 | AM84: 7 | AN84: -0.0663 | AO84: 0.1215 | AP84: -0.0683 | AQ84: 0.0993 | AR84: 6 | AS84: 10 | AT84: 7 | AU84: 0 | AV84: 94 | AW84: 15.9 | AX84: 111.1 | AY84: 2026-09-06T13:24:00
A85: 84 | B85: 13:25:51 | C85: queue | D85: J mbl-1.5 sw0.8 | E85: 0.7 | F85: -1.5 | G85: -0.93 | H85: 0 | I85: 0.8 | J85: 0.6 | K85: 3 | L85: 24 | M85: 20260906 | N85: 0 | O85: 0.9819 | P85: quad | Q85: 0.989 | R85: 0.975 | S85: 0.982 | T85: 0.994 | U85: 5.1 | V85: 0.965 | W85: 0.939 | X85: 0.952 | Y85: 0.985 | Z85: 8.2 | AA85: 48 | AB85: 1 | AC85: 7.69 | AD85: 38.9 | AE85: 8.7 | AF85: -0.023 | AG85: 0.5 | AH85: 5.7 | AI85: 170 | AJ85: 1714 | AK85: 213 | AL85: 0 | AM85: 8 | AN85: -0.0591 | AO85: 0.0672 | AP85: -0.0573 | AQ85: 0.0643 | AR85: 10 | AS85: 15 | AT85: 24 | AU85: 0 | AV85: 85 | AW85: 16 | AX85: 102.1 | AY85: 2026-09-06T13:25:51
A86: 85 | B86: 13:27:34 | C86: queue | D86: G mbl-1.75 | E86: 0.7 | F86: -1.75 | G86: -0.93 | H86: 0 | I86: 0.7 | J86: 0.6 | K86: 3 | L86: 24 | M86: 20260907 | N86: 0 | O86: 0.9822 | P86: quad | Q86: 0.983 | R86: 0.981 | S86: 0.982 | T86: 0.993 | U86: 6.6 | V86: 0.976 | W86: 0.933 | X86: 0.954 | Y86: 0.982 | Z86: 10.5 | AA86: 48 | AB86: 1 | AC86: 7.57 | AD86: 50.3 | AE86: 8.4 | AF86: 0.012 | AG86: 0.67 | AH86: 7 | AI86: 142 | AJ86: 1258 | AK86: 224 | AL86: 1 | AM86: 10 | AN86: -0.0893 | AO86: 0.1047 | AP86: -0.0799 | AQ86: 0.0918 | AR86: 10 | AS86: 8 | AT86: 9 | AU86: 0 | AV86: 95 | AW86: 16.1 | AX86: 296.1 | AY86: 2026-09-06T13:27:34
A87: 86 | B87: 13:32:30 | C87: queue | D87: H mbl-2.0 | E87: 0.7 | F87: -2 | G87: -0.93 | H87: 0 | I87: 0.7 | J87: 0.6 | K87: 3 | L87: 24 | M87: 20260906 | N87: 0 | O87: 0.9594 | P87: quad | Q87: 0.944 | R87: 0.975 | S87: 0.959 | T87: 0.987 | U87: 8.6 | V87: 0.927 | W87: 0.961 | X87: 0.944 | Y87: 0.982 | Z87: 10.1 | AA87: 48 | AB87: 1 | AC87: 4.94 | AD87: 42.8 | AE87: 10.8 | AF87: -0.011 | AG87: 0.58 | AH87: 7.2 | AI87: 150 | AJ87: 677 | AK87: 231 | AL87: 5 | AM87: 16 | AN87: -0.0873 | AO87: 0.1613 | AP87: -0.0787 | AQ87: 0.1369 | AR87: 10 | AS87: 12 | AT87: 17 | AU87: 0 | AV87: 130 | AW87: 15.8 | AX87: 147.4 | AY87: 2026-09-06T13:32:30
A88: 87 | B88: 13:34:57 | C88: queue | D88: I mbl-1.75 fit0.7 | E88: 0.7 | F88: -1.75 | G88: -0.93 | H88: 0 | I88: 0.7 | J88: 0.7 | K88: 3 | L88: 24 | M88: 20260906 | N88: 0 | O88: 0.9807 | P88: quad | Q88: 0.977 | R88: 0.984 | S88: 0.981 | T88: 0.994 | U88: 5.6 | V88: 0.97 | W88: 0.945 | X88: 0.957 | Y88: 0.987 | Z88: 8.2 | AA88: 48 | AB88: 1 | AC88: 7.41 | AD88: 41.2 | AE88: 9 | AF88: 0.014 | AG88: 0.46 | AH88: 6.2 | AI88: 141 | AJ88: 1276 | AK88: 223 | AL88: 9 | AM88: 11 | AN88: -0.0664 | AO88: 0.1191 | AP88: -0.069 | AQ88: 0.107 | AR88: 6 | AS88: 16 | AT88: 12 | AU88: 0 | AV88: 77 | AW88: 15.8 | AX88: 216.3 | AY88: 2026-09-06T13:34:57
A89: 88 | B89: 13:38:34 | C89: queue | D89: J mbl-1.5 sw0.8 | E89: 0.7 | F89: -1.5 | G89: -0.93 | H89: 0 | I89: 0.8 | J89: 0.6 | K89: 3 | L89: 24 | M89: 20260907 | N89: 0 | O89: 0.9818 | P89: quad | Q89: 0.979 | R89: 0.985 | S89: 0.982 | T89: 0.993 | U89: 6.1 | V89: 0.927 | W89: 0.973 | X89: 0.95 | Y89: 0.98 | Z89: 10.2 | AA89: 48 | AB89: 1 | AC89: 7.95 | AD89: 48.9 | AE89: 9.2 | AF89: -0.036 | AG89: 0.58 | AH89: 5.6 | AI89: 155 | AJ89: 1717 | AK89: 215 | AL89: 6 | AM89: 16 | AN89: -0.0498 | AO89: 0.0883 | AP89: -0.0592 | AQ89: 0.0556 | AR89: 7 | AS89: 12 | AT89: 19 | AU89: 0 | AV89: 128 | AW89: 15.9 | AX89: 144.6 | AY89: 2026-09-06T13:38:34
A90: 89 | B90: 13:40:58 | C90: queue | D90: G mbl-1.75 | E90: 0.7 | F90: -1.75 | G90: -0.93 | H90: 0 | I90: 0.7 | J90: 0.6 | K90: 3 | L90: 24 | M90: 20260908 | N90: 0 | O90: 0.9804 | P90: quad | Q90: 0.982 | R90: 0.979 | S90: 0.98 | T90: 0.995 | U90: 5 | V90: 0.878 | W90: 0.936 | X90: 0.907 | Y90: 0.975 | Z90: 10.8 | AA90: 48 | AB90: 1 | AC90: 7.35 | AD90: 36.5 | AE90: 9.1 | AF90: 0.016 | AG90: 0.38 | AH90: 5.8 | AI90: 145 | AJ90: 1265 | AK90: 226 | AL90: 1 | AM90: 8 | AN90: -0.074 | AO90: 0.1106 | AP90: -0.0797 | AQ90: 0.1053 | AR90: 8 | AS90: 13 | AT90: 16 | AU90: 0 | AV90: 96 | AW90: 16.1 | AX90: 113.8 | AY90: 2026-09-06T13:40:58
A91: 90 | B91: 13:42:52 | C91: queue | D91: H mbl-2.0 | E91: 0.7 | F91: -2 | G91: -0.93 | H91: 0 | I91: 0.7 | J91: 0.6 | K91: 3 | L91: 24 | M91: 20260907 | N91: 0 | O91: 0.9856 | P91: quad | Q91: 0.984 | R91: 0.987 | S91: 0.986 | T91: 0.994 | U91: 6.2 | V91: 0.927 | W91: 0.973 | X91: 0.95 | Y91: 0.979 | Z91: 11.7 | AA91: 42 | AB91: 0.88 | AC91: 8.7 | AD91: 53.5 | AE91: 11.1 | AF91: 0.018 | AG91: 0.67 | AH91: 6.3 | AI91: 135 | AJ91: 682 | AK91: 240 | AL91: 2 | AM91: 16 | AN91: -0.0812 | AO91: 0.1568 | AP91: -0.0751 | AQ91: 0.1451 | AR91: 8 | AS91: 10 | AT91: 6 | AU91: 0 | AV91: 129 | AW91: 16.3 | AX91: 146.4 | AY91: 2026-09-06T13:42:52
A92: 91 | B92: 13:45:18 | C92: queue | D92: K mbl-1.75 0.75 | E92: 0.75 | F92: -1.75 | G92: -0.93 | H92: 0 | I92: 0.8 | J92: 0.6 | K92: 3 | L92: 24 | M92: 20260905 | N92: 0 | O92: 0.9803 | P92: quad | Q92: 0.983 | R92: 0.977 | S92: 0.98 | T92: 0.99 | U92: 7.9 | V92: 0.981 | W92: 0.969 | X92: 0.975 | Y92: 0.988 | Z92: 8.8 | AA92: 48 | AB92: 1 | AC92: 7.35 | AD92: 57.8 | AE92: 9.7 | AF92: -0.017 | AG92: 0.62 | AH92: 5.2 | AI92: 174 | AJ92: 1236 | AK92: 230 | AL92: 5 | AM92: 8 | AN92: -0.0803 | AO92: 0.1123 | AP92: -0.0596 | AQ92: 0.097 | AR92: 8 | AS92: 13 | AT92: 20 | AU92: 0 | AV92: 147 | AW92: 15.5 | AX92: 163.6 | AY92: 2026-09-06T13:45:18
A93: 92 | B93: 13:48:02 | C93: neighbor | E93: 0.75 | F93: -1.75 | G93: -0.93 | H93: 0 | I93: 0.7 | J93: 0.6 | K93: 3 | L93: 24 | M93: 20260905 | N93: 0 | O93: 0.9877 | P93: quad | Q93: 0.99 | R93: 0.985 | S93: 0.988 | T93: 0.994 | U93: 5.9 | V93: 0.974 | W93: 0.973 | X93: 0.974 | Y93: 0.988 | Z93: 8.7 | AA93: 48 | AB93: 1 | AC93: 9.32 | AD93: 55.5 | AE93: 8.2 | AF93: 0.005 | AG93: 0.42 | AH93: 4.5 | AI93: 146 | AJ93: 1256 | AK93: 224 | AL93: 2 | AM93: 9 | AN93: -0.0756 | AO93: 0.1099 | AP93: -0.0679 | AQ93: 0.0984 | AR93: 8 | AS93: 13 | AT93: 6 | AU93: 0 | AV93: 95 | AW93: 15.8 | AX93: 112 | AY93: 2026-09-06T13:48:02
A94: 93 | B94: 13:49:54 | C94: neighbor | E94: 0.7 | F94: -1.75 | G94: -0.93 | H94: 0 | I94: 0.8 | J94: 0.6 | K94: 3 | L94: 24 | M94: 20260905 | N94: 0 | O94: 0.9775 | P94: quad | Q94: 0.973 | R94: 0.982 | S94: 0.977 | T94: 0.991 | U94: 7.3 | V94: 0.973 | W94: 0.962 | X94: 0.968 | Y94: 0.987 | Z94: 8.6 | AA94: 48 | AB94: 1 | AC94: 6.81 | AD94: 49.4 | AE94: 11.3 | AF94: -0.015 | AG94: 0.62 | AH94: 6.1 | AI94: 182 | AJ94: 1226 | AK94: 226 | AL94: 4 | AM94: 14 | AN94: -0.074 | AO94: 0.1156 | AP94: -0.0674 | AQ94: 0.087 | AR94: 13 | AS94: 15 | AT94: 8 | AU94: 0 | AV94: 145 | AW94: 15.9 | AX94: 162.3 | AY94: 2026-09-06T13:49:54
A95: 94 | B95: 13:52:36 | C95: neighbor | E95: 0.7 | F95: -1.75 | G95: -0.93 | H95: 0 | I95: 0.8 | J95: 0.6 | K95: 3 | L95: 24 | M95: 20260906 | N95: 0 | O95: 0.9752 | P95: quad | Q95: 0.971 | R95: 0.979 | S95: 0.975 | T95: 0.992 | U95: 6.3 | V95: 0.958 | W95: 0.891 | X95: 0.924 | Y95: 0.975 | Z95: 11.1 | AA95: 48 | AB95: 1 | AC95: 6.48 | AD95: 41.1 | AE95: 9.8 | AF95: 0.025 | AG95: 0.42 | AH95: 6.2 | AI95: 157 | AJ95: 1260 | AK95: 224 | AL95: 6 | AM95: 10 | AN95: -0.0735 | AO95: 0.1131 | AP95: -0.0765 | AQ95: 0.1039 | AR95: 9 | AS95: 8 | AT95: 16 | AU95: 0 | AV95: 122 | AW95: 16.2 | AX95: 261.2 | AY95: 2026-09-06T13:52:36
A96: 95 | B96: 13:56:58 | C96: ref | E96: 0.7 | F96: -1.75 | G96: -0.93 | H96: 0 | I96: 0.7 | J96: 0.6 | K96: 3 | L96: 24 | M96: 20260909 | N96: 1 | O96: 0.9768 | P96: quad | Q96: 0.984 | R96: 0.97 | S96: 0.977 | T96: 0.991 | U96: 7 | V96: 0.983 | W96: 0.942 | X96: 0.962 | Y96: 0.986 | Z96: 9 | AA96: 48 | AB96: 1 | AC96: 7.12 | AD96: 50.1 | AE96: 10 | AF96: -0.019 | AG96: 0.54 | AH96: 6.7 | AI96: 148 | AJ96: 1275 | AK96: 229 | AL96: 1 | AM96: 6 | AN96: -0.0684 | AO96: 0.1106 | AP96: -0.0686 | AQ96: 0.0948 | AR96: 8 | AS96: 28 | AT96: 24 | AU96: 0 | AV96: 58 | AW96: 16.3 | AX96: 75.3 | AY96: 2026-09-06T13:56:58
A97: 96 | B97: 13:58:13 | C97: neighbor | E97: 0.75 | F97: -1.75 | G97: -0.93 | H97: 0 | I97: 0.7 | J97: 0.6 | K97: 3 | L97: 24 | M97: 20260906 | N97: 0 | O97: 0.9694 | P97: quad | Q97: 0.973 | R97: 0.966 | S97: 0.969 | T97: 0.988 | U97: 8.1 | V97: 0.948 | W97: 0.98 | X97: 0.964 | Y97: 0.985 | Z97: 9 | AA97: 48 | AB97: 1 | AC97: 6.09 | AD97: 49.6 | AE97: 12.1 | AF97: -0.03 | AG97: 0.62 | AH97: 8.1 | AI97: 123 | AJ97: 1276 | AK97: 235 | AL97: 4 | AM97: 15 | AN97: -0.0762 | AO97: 0.1192 | AP97: -0.0747 | AQ97: 0.1031 | AR97: 8 | AS97: 10 | AT97: 25 | AU97: 0 | AV97: 94 | AW97: 16.9 | AX97: 111.7 | AY97: 2026-09-06T13:58:13
A98: 97 | B98: 14:00:05 | C98: neighbor | E98: 0.75 | F98: -1.75 | G98: -0.93 | H98: 0 | I98: 0.7 | J98: 0.6 | K98: 3 | L98: 24 | M98: 20260907 | N98: 0 | O98: 0.9792 | P98: quad | Q98: 0.972 | R98: 0.986 | S98: 0.979 | T98: 0.99 | U98: 8 | V98: 0.955 | W98: 0.961 | X98: 0.958 | Y98: 0.98 | Z98: 11.3 | AA98: 48 | AB98: 1 | AC98: 7 | AD98: 56.2 | AE98: 8.7 | AF98: -0.014 | AG98: 0.54 | AH98: 6.6 | AI98: 158 | AJ98: 1240 | AK98: 216 | AL98: 3 | AM98: 11 | AN98: -0.0687 | AO98: 0.1255 | AP98: -0.0769 | AQ98: 0.0956 | AR98: 11 | AS98: 25 | AT98: 13 | AU98: 0 | AV98: 139 | AW98: 16.3 | AX98: 156.6 | AY98: 2026-09-06T14:00:05
A99: 98 | B99: 14:02:41 | C99: neighbor | E99: 0.7 | F99: -1.75 | G99: -0.93 | H99: 0 | I99: 0.7 | J99: 0.7 | K99: 3 | L99: 24 | M99: 20260907 | N99: 0 | O99: 0.9761 | P99: quad | Q99: 0.983 | R99: 0.969 | S99: 0.976 | T99: 0.991 | U99: 7.4 | V99: 0.894 | W99: 0.95 | X99: 0.922 | Y99: 0.968 | Z99: 13.8 | AA99: 46 | AB99: 0.96 | AC99: 6.69 | AD99: 49.6 | AE99: 11.1 | AF99: 0.013 | AG99: 0.71 | AH99: 9.6 | AI99: 140 | AJ99: 1272 | AK99: 225 | AL99: 3 | AM99: 7 | AN99: -0.0769 | AO99: 0.1154 | AP99: -0.0761 | AQ99: 0.1161 | AR99: 9 | AS99: 11 | AT99: 16 | AU99: 0 | AV99: 79 | AW99: 16.1 | AX99: 96.1 | AY99: 2026-09-06T14:02:41
A100: 99 | B100: 14:04:17 | C100: neighbor | E100: 0.7 | F100: -1.75 | G100: -0.93 | H100: 0 | I100: 0.8 | J100: 0.6 | K100: 3 | L100: 24 | M100: 20260907 | N100: 0 | O100: 0.98 | P100: quad | Q100: 0.98 | R100: 0.98 | S100: 0.98 | T100: 0.991 | U100: 7.1 | V100: 0.946 | W100: 0.981 | X100: 0.963 | Y100: 0.984 | Z100: 9.6 | AA100: 48 | AB100: 1 | AC100: 7.56 | AD100: 53.4 | AE100: 8.4 | AF100: -0.038 | AG100: 0.62 | AH100: 7.8 | AI100: 164 | AJ100: 1216 | AK100: 235 | AL100: 1 | AM100: 17 | AN100: -0.0665 | AO100: 0.1204 | AP100: -0.0709 | AQ100: 0.0888 | AR100: 9 | AS100: 17 | AT100: 17 | AU100: 0 | AV100: 128 | AW100: 16.7 | AX100: 146 | AY100: 2026-09-06T14:04:17
A101: 100 | B101: 14:06:43 | C101: ref | E101: 0.7 | F101: -1.75 | G101: -0.93 | H101: 0 | I101: 0.7 | J101: 0.6 | K101: 3 | L101: 24 | M101: 20260910 | N101: 1 | O101: 0.9762 | P101: quad | Q101: 0.989 | R101: 0.964 | S101: 0.976 | T101: 0.99 | U101: 7.6 | V101: 0.94 | W101: 0.93 | X101: 0.935 | Y101: 0.98 | Z101: 10.2 | AA101: 46 | AB101: 0.96 | AC101: 6.84 | AD101: 51.7 | AE101: 9.3 | AF101: -0.015 | AG101: 0.58 | AH101: 6.6 | AI101: 122 | AJ101: 1279 | AK101: 236 | AL101: 7 | AM101: 15 | AN101: -0.0625 | AO101: 0.093 | AP101: -0.0661 | AQ101: 0.075 | AR101: 9 | AS101: 16 | AT101: 9 | AU101: 0 | AV101: 99 | AW101: 17.2 | AX101: 117 | AY101: 2026-09-06T14:06:43
A102: 101 | B102: 14:08:45 | C102: explore2 | E102: 0.75 | F102: -1.75 | G102: -0.93 | H102: 0 | I102: 0.7 | J102: 0.7 | K102: 3 | L102: 24 | M102: 20260905 | N102: 0 | O102: 0.9858 | P102: quad | Q102: 0.993 | R102: 0.979 | S102: 0.986 | T102: 0.993 | U102: 6.7 | V102: 0.971 | W102: 0.928 | X102: 0.95 | Y102: 0.979 | Z102: 10.6 | AA102: 44 | AB102: 0.92 | AC102: 8.34 | AD102: 55.6 | AE102: 10.4 | AF102: -0.006 | AG102: 0.5 | AH102: 6.7 | AI102: 130 | AJ102: 1284 | AK102: 224 | AL102: 5 | AM102: 8 | AN102: -0.0768 | AO102: 0.1213 | AP102: -0.0711 | AQ102: 0.1043 | AR102: 6 | AS102: 10 | AT102: 6 | AU102: 0 | AV102: 95 | AW102: 16.1 | AX102: 112.5 | AY102: 2026-09-06T14:08:45
A103: 102 | B103: 14:10:37 | C103: explore2 | E103: 0.7 | F103: -2 | G103: -0.93 | H103: 0 | I103: 0.8 | J103: 0.6 | K103: 3 | L103: 24 | M103: 20260905 | N103: 0 | O103: 0.9805 | P103: quad | Q103: 0.982 | R103: 0.979 | S103: 0.981 | T103: 0.992 | U103: 6.9 | V103: 0.948 | W103: 0.96 | X103: 0.954 | Y103: 0.982 | Z103: 10.5 | AA103: 48 | AB103: 1 | AC103: 7.5 | AD103: 51.5 | AE103: 10.2 | AF103: -0.02 | AG103: 0.58 | AH103: 7.8 | AI103: 161 | AJ103: 651 | AK103: 238 | AL103: 4 | AM103: 4 | AN103: -0.0807 | AO103: 0.1497 | AP103: -0.0666 | AQ103: 0.1425 | AR103: 10 | AS103: 5 | AT103: 6 | AU103: 0 | AV103: 121 | AW103: 16 | AX103: 138.3 | AY103: 2026-09-06T14:10:37
A104: 103 | B104: 14:12:55 | C104: explore2 | E104: 0.7 | F104: -2 | G104: -0.93 | H104: 0 | I104: 0.7 | J104: 0.7 | K104: 3 | L104: 24 | M104: 20260905 | N104: 0 | O104: 0.9809 | P104: quad | Q104: 0.976 | R104: 0.986 | S104: 0.981 | T104: 0.992 | U104: 6.9 | V104: 0.779 | W104: 0.945 | X104: 0.862 | Y104: 0.953 | Z104: 15.4 | AA104: 46 | AB104: 0.96 | AC104: 7.49 | AD104: 51.6 | AE104: 10.1 | AF104: -0.031 | AG104: 0.67 | AH104: 9.6 | AI104: 143 | AJ104: 690 | AK104: 239 | AL104: 1 | AM104: 18 | AN104: -0.0913 | AO104: 0.1436 | AP104: -0.0848 | AQ104: 0.1338 | AR104: 8 | AS104: 5 | AT104: 14 | AU104: 0 | AV104: 113 | AW104: 15.8 | AX104: 129.7 | AY104: 2026-09-06T14:12:55
... A107: 106 | B107: 14:20:02 | C107: explore2 | E107: 0.75 | F107: -2 | G107: -0.93 | H107: 0 | I107: 0.7 | J107: 0.6 | K107: 3 | L107: 24 | M107: 20260905 | N107: 0 | O107: 0.9871 | P107: quad | Q107: 0.987 | R107: 0.987 | S107: 0.987 | T107: 0.994 | U107: 6.6 | V107: 0.98 | W107: 0.974 | X107: 0.977 | Y107: 0.991 | Z107: 7.3 | AA107: 44 | AB107: 0.92 | AC107: 8.99 | AD107: 59 | AE107: 11.4 | AF107: 0.019 | AG107: 0.83 | AH107: 6.3 | AI107: 129 | AJ107: 682 | AK107: 237 | AL107: 3 | AM107: 5 | AN107: -0.0917 | AO107: 0.1547 | AP107: -0.0873 | AQ107: 0.1349 | AR107: 7 | AS107: 18 | AT107: 8 | AU107: 0 | AV107: 117 | AW107: 16.2 | AX107: 195.6 | AY107: 2026-09-06T14:20:02
A108: 107 | B108: 14:23:17 | C108: queue | D108: final mbl-1.25 | E108: 0.7 | F108: -1.25 | G108: -0.93 | H108: 0 | I108: 0.7 | J108: 0.6 | K108: 3 | L108: 24 | M108: 20260915 | N108: 0 | O108: 0.9827 | P108: quad | Q108: 0.981 | R108: 0.985 | S108: 0.983 | T108: 0.995 | U108: 4.6 | V108: 0.935 | W108: 0.967 | X108: 0.951 | Y108: 0.985 | Z108: 7.8 | AA108: 48 | AB108: 1 | AC108: 7.84 | AD108: 36.1 | AE108: 7 | AF108: -0.006 | AG108: 0.38 | AH108: 5.4 | AI108: 102 | AJ108: 2119 | AK108: 185 | AL108: 1 | AM108: 4 | AN108: -0.0457 | AO108: 0.0386 | AP108: -0.0458 | AQ108: 0.0351 | AR108: 9 | AS108: 15 | AT108: 12 | AU108: 0 | AV108: 114 | AW108: 16.3 | AX108: 132.1 | AY108: 2026-09-06T14:23:17
A109: 108 | B109: 14:25:30 | C109: queue | D109: final mbl-1.5 | E109: 0.7 | F109: -1.5 | G109: -0.93 | H109: 0 | I109: 0.7 | J109: 0.6 | K109: 3 | L109: 24 | M109: 20260909 | N109: 0 | O109: 0.9815 | P109: quad | Q109: 0.979 | R109: 0.984 | S109: 0.982 | T109: 0.993 | U109: 6.2 | V109: 0.965 | W109: 0.957 | X109: 0.961 | Y109: 0.985 | Z109: 8.4 | AA109: 44 | AB109: 0.92 | AC109: 7.46 | AD109: 46.1 | AE109: 9.7 | AF109: -0.021 | AG109: 0.62 | AH109: 6.5 | AI109: 109 | AJ109: 1753 | AK109: 210 | AL109: 2 | AM109: 10 | AN109: -0.0654 | AO109: 0.0861 | AP109: -0.0643 | AQ109: 0.0649 | AR109: 8 | AS109: 6 | AT109: 28 | AU109: 0 | AV109: 131 | AW109: 15.4 | AX109: 147.9 | AY109: 2026-09-06T14:25:30
A110: 109 | B110: 14:27:57 | C110: queue | D110: final mbl-1.75 | E110: 0.7 | F110: -1.75 | G110: -0.93 | H110: 0 | I110: 0.7 | J110: 0.6 | K110: 3 | L110: 24 | M110: 20260912 | N110: 0 | O110: 0.9859 | P110: quad | Q110: 0.986 | R110: 0.986 | S110: 0.986 | T110: 0.995 | U110: 5.6 | V110: 0.942 | W110: 0.948 | X110: 0.945 | Y110: 0.979 | Z110: 11 | AA110: 48 | AB110: 1 | AC110: 8.61 | AD110: 47.8 | AE110: 9.1 | AF110: 0.022 | AG110: 0.46 | AH110: 5.1 | AI110: 125 | AJ110: 1274 | AK110: 227 | AL110: 4 | AM110: 5 | AN110: -0.0696 | AO110: 0.1141 | AP110: -0.0766 | AQ110: 0.0957 | AR110: 8 | AS110: 11 | AT110: 20 | AU110: 0 | AV110: 74 | AW110: 16.2 | AX110: 91.8 | AY110: 2026-09-06T14:27:57
...

Sheet 손잡이효과
A1: 손잡이별 효과 — 전체 138 라운드 (n, 평균: 수식 / 중앙값·최소·최대: 값)
A2: 주의: 조건이 섞여 있는 주변 분포(marginal). 손잡이 하나의 순수 효과는 아래 "고정 조건" 표와 MBL짝비교 시트를 볼 것.
A4: span
A5: 값 | B5: n | C5: 평균 | D5: 중앙값 | E5: 최소 | F5: 최대 | G5: 평균 RMSE | H5: 메모
A6: 0.4 | B6: =COUNTIFS(Rounds!$E:$E,A6) -> 2 | C6: =AVERAGEIFS(Rounds!$O:$O,Rounds!$E:$E,A6) -> 0.83905 | D6: 0.83905 | E6: 0.7791 | F6: 0.899 | G6: =AVERAGEIFS(Rounds!$U:$U,Rounds!$E:$E,A6) -> 5.05
A7: 0.5 | B7: =COUNTIFS(Rounds!$E:$E,A7) -> 21 | C7: =AVERAGEIFS(Rounds!$O:$O,Rounds!$E:$E,A7) -> 0.86746667 | D7: 0.8765 | E7: 0.7271 | F7: 0.944 | G7: =AVERAGEIFS(Rounds!$U:$U,Rounds!$E:$E,A7) -> 7.2714286
A8: 0.6 | B8: =COUNTIFS(Rounds!$E:$E,A8) -> 11 | C8: =AVERAGEIFS(Rounds!$O:$O,Rounds!$E:$E,A8) -> 0.95258182 | D8: 0.9509 | E8: 0.924 | F8: 0.9808 | G8: =AVERAGEIFS(Rounds!$U:$U,Rounds!$E:$E,A8) -> 6.2636364
A9: 0.7 | B9: =COUNTIFS(Rounds!$E:$E,A9) -> 83 | C9: =AVERAGEIFS(Rounds!$O:$O,Rounds!$E:$E,A9) -> 0.97215904 | D9: 0.9771 | E9: 0.9057 | F9: 0.9902 | G9: =AVERAGEIFS(Rounds!$U:$U,Rounds!$E:$E,A9) -> 6.8240964
A10: 0.75 | B10: =COUNTIFS(Rounds!$E:$E,A10) -> 21 | C10: =AVERAGEIFS(Rounds!$O:$O,Rounds!$E:$E,A10) -> 0.96656667 | D10: 0.9792 | E10: 0.8394 | F10: 0.9877 | G10: =AVERAGEIFS(Rounds!$U:$U,Rounds!$E:$E,A10) -> 7.6666667
A12: mbl
A13: 값 | B13: n | C13: 평균 | D13: 중앙값 | E13: 최소 | F13: 최대 | G13: 평균 RMSE | H13: 메모
A14: -2 | B14: =COUNTIFS(Rounds!$F:$F,A14) -> 13 | C14: =AVERAGEIFS(Rounds!$O:$O,Rounds!$F:$F,A14) -> 0.96973077 | D14: 0.9809 | E14: 0.925 | F14: 0.9871 | G14: =AVERAGEIFS(Rounds!$U:$U,Rounds!$F:$F,A14) -> 7.8769231
A15: -1.75 | B15: =COUNTIFS(Rounds!$F:$F,A15) -> 34 | C15: =AVERAGEIFS(Rounds!$O:$O,Rounds!$F:$F,A15) -> 0.97474118 | D15: 0.9797 | E15: 0.9164 | F15: 0.9902 | G15: =AVERAGEIFS(Rounds!$U:$U,Rounds!$F:$F,A15) -> 7.0588235
A16: -1.5 | B16: =COUNTIFS(Rounds!$F:$F,A16) -> 20 | C16: =AVERAGEIFS(Rounds!$O:$O,Rounds!$F:$F,A16) -> 0.965195 | D16: 0.97855 | E16: 0.8835 | F16: 0.9891 | G16: =AVERAGEIFS(Rounds!$U:$U,Rounds!$F:$F,A16) -> 6.57
A17: -1.25 | B17: =COUNTIFS(Rounds!$F:$F,A17) -> 69 | C17: =AVERAGEIFS(Rounds!$O:$O,Rounds!$F:$F,A17) -> 0.9378942 | D17: 0.9603 | E17: 0.7271 | F17: 0.9873 | G17: =AVERAGEIFS(Rounds!$U:$U,Rounds!$F:$F,A17) -> 6.784058
A18: -1 | B18: =COUNTIFS(Rounds!$F:$F,A18) -> 2 | C18: =AVERAGEIFS(Rounds!$O:$O,Rounds!$F:$F,A18) -> 0.79705 | D18: 0.79705 | E18: 0.7624 | F18: 0.8317 | G18: =AVERAGEIFS(Rounds!$U:$U,Rounds!$F:$F,A18) -> 8.6
A20: center_d
A21: 값 | B21: n | C21: 평균 | D21: 중앙값 | E21: 최소 | F21: 최대 | G21: 평균 RMSE | H21: 메모
A22: -0.2 | B22: =COUNTIFS(Rounds!$H:$H,A22) -> 1 | C22: =AVERAGEIFS(Rounds!$O:$O,Rounds!$H:$H,A22) -> 0.8515 | D22: 0.8515 | E22: 0.8515 | F22: 0.8515 | G22: =AVERAGEIFS(Rounds!$U:$U,Rounds!$H:$H,A22) -> 7.5
A23: -0.1 | B23: =COUNTIFS(Rounds!$H:$H,A23) -> 3 | C23: =AVERAGEIFS(Rounds!$O:$O,Rounds!$H:$H,A23) -> 0.90243333 | D23: 0.9116 | E23: 0.8339 | F23: 0.9618 | G23: =AVERAGEIFS(Rounds!$U:$U,Rounds!$H:$H,A23) -> 7.3
A24: 0 | B24: =COUNTIFS(Rounds!$H:$H,A24) -> 131 | C24: =AVERAGEIFS(Rounds!$O:$O,Rounds!$H:$H,A24) -> 0.95428931 | D24: 0.9752 | E24: 0.7271 | F24: 0.9902 | G24: =AVERAGEIFS(Rounds!$U:$U,Rounds!$H:$H,A24) -> 6.9374046
A25: 0.1 | B25: =COUNTIFS(Rounds!$H:$H,A25) -> 3 | C25: =AVERAGEIFS(Rounds!$O:$O,Rounds!$H:$H,A25) -> 0.9299 | D25: 0.9423 | E25: 0.8825 | F25: 0.9649 | G25: =AVERAGEIFS(Rounds!$U:$U,Rounds!$H:$H,A25) -> 6.9666667
A27: sweep_half
A28: 값 | B28: n | C28: 평균 | D28: 중앙값 | E28: 최소 | F28: 최대 | G28: 평균 RMSE | H28: 메모
A29: 0.5 | B29: =COUNTIFS(Rounds!$I:$I,A29) -> 12 | C29: =AVERAGEIFS(Rounds!$O:$O,Rounds!$I:$I,A29) -> 0.86124167 | D29: 0.8795 | E29: 0.7271 | F29: 0.9509 | G29: =AVERAGEIFS(Rounds!$U:$U,Rounds!$I:$I,A29) -> 7.3416667
A30: 0.6 | B30: =COUNTIFS(Rounds!$I:$I,A30) -> 14 | C30: =AVERAGEIFS(Rounds!$O:$O,Rounds!$I:$I,A30) -> 0.89825714 | D30: 0.91555 | E30: 0.7791 | F30: 0.9726 | G30: =AVERAGEIFS(Rounds!$U:$U,Rounds!$I:$I,A30) -> 6.4785714
A31: 0.7 | B31: =COUNTIFS(Rounds!$I:$I,A31) -> 89 | C31: =AVERAGEIFS(Rounds!$O:$O,Rounds!$I:$I,A31) -> 0.9672809 | D31: 0.9768 | E31: 0.8069 | F31: 0.9902 | G31: =AVERAGEIFS(Rounds!$U:$U,Rounds!$I:$I,A31) -> 6.988764
A32: 0.8 | B32: =COUNTIFS(Rounds!$I:$I,A32) -> 23 | C32: =AVERAGEIFS(Rounds!$O:$O,Rounds!$I:$I,A32) -> 0.97225652 | D32: 0.98 | E32: 0.9441 | F32: 0.985 | G32: =AVERAGEIFS(Rounds!$U:$U,Rounds!$I:$I,A32) -> 6.8826087
A34: fit_half
A35: 값 | B35: n | C35: 평균 | D35: 중앙값 | E35: 최소 | F35: 최대 | G35: 평균 RMSE | H35: 메모
A36: 0.4 | B36: =COUNTIFS(Rounds!$J:$J,A36) -> 2 | C36: =AVERAGEIFS(Rounds!$O:$O,Rounds!$J:$J,A36) -> 0.86465 | D36: 0.86465 | E36: 0.8528 | F36: 0.8765 | G36: =AVERAGEIFS(Rounds!$U:$U,Rounds!$J:$J,A36) -> 8.15
A37: 0.5 | B37: =COUNTIFS(Rounds!$J:$J,A37) -> 29 | C37: =AVERAGEIFS(Rounds!$O:$O,Rounds!$J:$J,A37) -> 0.89093448 | D37: 0.9116 | E37: 0.7271 | F37: 0.9632 | G37: =AVERAGEIFS(Rounds!$U:$U,Rounds!$J:$J,A37) -> 7.137931
A38: 0.6 | B38: =COUNTIFS(Rounds!$J:$J,A38) -> 84 | C38: =AVERAGEIFS(Rounds!$O:$O,Rounds!$J:$J,A38) -> 0.9690369 | D38: 0.97705 | E38: 0.8394 | F38: 0.9902 | G38: =AVERAGEIFS(Rounds!$U:$U,Rounds!$J:$J,A38) -> 6.9559524
A39: 0.7 | B39: =COUNTIFS(Rounds!$J:$J,A39) -> 23 | C39: =AVERAGEIFS(Rounds!$O:$O,Rounds!$J:$J,A39) -> 0.9736913 | D39: 0.9795 | E39: 0.9251 | F39: 0.9858 | G39: =AVERAGEIFS(Rounds!$U:$U,Rounds!$J:$J,A39) -> 6.5869565
A41: samples
A42: 값 | B42: n | C42: 평균 | D42: 중앙값 | E42: 최소 | F42: 최대 | G42: 평균 RMSE | H42: 메모
A43: 1 | B43: =COUNTIFS(Rounds!$K:$K,A43) -> 9 | C43: =AVERAGEIFS(Rounds!$O:$O,Rounds!$K:$K,A43) -> 0.93956667 | D43: 0.9484 | E43: 0.9057 | F43: 0.9654 | G43: =AVERAGEIFS(Rounds!$U:$U,Rounds!$K:$K,A43) -> 10.711111
A44: 3 | B44: =COUNTIFS(Rounds!$K:$K,A44) -> 127 | C44: =AVERAGEIFS(Rounds!$O:$O,Rounds!$K:$K,A44) -> 0.95223543 | D44: 0.9752 | E44: 0.7271 | F44: 0.9902 | G44: =AVERAGEIFS(Rounds!$U:$U,Rounds!$K:$K,A44) -> 6.711811
A45: 6 | B45: =COUNTIFS(Rounds!$K:$K,A45) -> 2 | C45: =AVERAGEIFS(Rounds!$O:$O,Rounds!$K:$K,A45) -> 0.9852 | D45: 0.9852 | E45: 0.9802 | F45: 0.9902 | G45: =AVERAGEIFS(Rounds!$U:$U,Rounds!$K:$K,A45) -> 5.15
A47: 고정 조건에서의 순수 효과 (값 = 중앙값, n)
A48: 비교 | B48: 값 | C48: n | D48: 중앙값 | E48: 고정된 나머지 조건 | H48: 메모
A49: span | B49: 0.4 | C49: 2 | D49: 0.8391 | E49: mbl −1.25, samples 3, center 0
A50: span | B50: 0.5 | C50: 12 | D50: 0.8698 | E50: mbl −1.25, samples 3, center 0
A51: span | B51: 0.6 | C51: 9 | D51: 0.9509 | E51: mbl −1.25, samples 3, center 0
A52: span | B52: 0.7 | C52: 26 | D52: 0.9743 | E52: mbl −1.25, samples 3, center 0
A53: span | B53: 0.75 | C53: 13 | D53: 0.9624 | E53: mbl −1.25, samples 3, center 0
A55: mbl @span0.7/sw0.7/fit0.6 | B55: -1.25 | C55: 14 | D55: 0.9751 | E55: span 0.7, sweep 0.7, fit 0.6
A56: mbl @span0.7/sw0.7/fit0.6 | B56: -1.5 | C56: 8 | D56: 0.9786 | E56: span 0.7, sweep 0.7, fit 0.6
A57: mbl @span0.7/sw0.7/fit0.6 | B57: -1.75 | C57: 13 | D57: 0.9804 | E57: span 0.7, sweep 0.7, fit 0.6
A58: mbl @span0.7/sw0.7/fit0.6 | B58: -2 | C58: 7 | D58: 0.9812 | E58: span 0.7, sweep 0.7, fit 0.6
A60: fit_half @span0.7/mbl−1.25 | B60: 0.5 | C60: 2 | D60: 0.9612 | E60: span 0.7, sweep 0.7, mbl −1.25
A61: fit_half @span0.7/mbl−1.25 | B61: 0.6 | C61: 14 | D61: 0.9751 | E61: span 0.7, sweep 0.7, mbl −1.25
A62: fit_half @span0.7/mbl−1.25 | B62: 0.7 | C62: 5 | D62: 0.9768 | E62: span 0.7, sweep 0.7, mbl −1.25
... A73: samples @span0.7/mbl−1.75 | B73: 6 | C73: 2 | D73: 0.9852 | E73: span 0.7, sweep 0.7, fit 0.6, mbl −1.75

Sheet MBL짝비교
A1: MBL 짝 비교 — 같은 질의 세트(seed)로 4수준 교대 ×4블록 (span 0.7 / sweep 0.7 / fit 0.6 / samples 3), 14:23~14:54
A3: 블록 | B3: MBL −1.25 | C3: MBL −1.5 | D3: MBL −1.75 | E3: MBL −2.0 | F3: Δ(−1.5 − −1.25) | G3: Δ(−1.75 − −1.25) | H3: Δ(−2.0 − −1.25) | I3: noise (−1.25 / −1.5 / −1.75 / −2.0)
A4: 1 | B4: 0.9827 | C4: 0.9815 | D4: 0.9859 | E4: 0.9361 | F4: =C4-B4 -> -0.0012 | G4: =D4-B4 -> 0.0032 | H4: =E4-B4 -> -0.0466 | I4: 7.0 / 9.7 / 9.1 / 11.5
A5: 2 | B5: 0.9873 | C5: 0.9891 | D5: 0.9794 | E5: 0.9812 | F5: =C5-B5 -> 0.0018 | G5: =D5-B5 -> -0.0079 | H5: =E5-B5 -> -0.0061 | I5: 7.7 / 8.2 / 9.0 / 10.4
A6: 3 | B6: 0.9763 | C6: 0.9771 | D6: 0.9852 | E6: 0.9678 | F6: =C6-B6 -> 0.0008 | G6: =D6-B6 -> 0.0089 | H6: =E6-B6 -> -0.0085 | I6: 6.3 / 7.6 / 8.7 / 10.8
A7: 4 | B7: 0.9716 | C7: 0.9837 | D7: 0.9859 | E7: 0.9819 | F7: =C7-B7 -> 0.0121 | G7: =D7-B7 -> 0.0143 | H7: =E7-B7 -> 0.0103 | I7: 8.7 / 8.2 / 8.9 / 10.3
A8: 평균 | B8: =AVERAGE(B4:B7) -> 0.979475 | C8: =AVERAGE(C4:C7) -> 0.98285 | D8: =AVERAGE(D4:D7) -> 0.9841 | E8: =AVERAGE(E4:E7) -> 0.96675 | F8: =AVERAGE(F4:F7) -> 0.003375 | G8: =AVERAGE(G4:G7) -> 0.004625 | H8: =AVERAGE(H4:H7) -> -0.012725
A9: 중앙값 | B9: =MEDIAN(B4:B7) -> 0.9795 | C9: =MEDIAN(C4:C7) -> 0.9826 | D9: =MEDIAN(D4:D7) -> 0.98555 | E9: =MEDIAN(E4:E7) -> 0.9745 | F9: =MEDIAN(F4:F7) -> 0.0013 | G9: =MEDIAN(G4:G7) -> 0.00605 | H9: =MEDIAN(H4:H7) -> -0.0073
A11: 해석: −1.5/−1.75 는 −1.25 대비 +0.003/+0.005 (4블록 중 3~4블록 양수). −2.0 은 블록 1 에서 −0.047 (noise 11.5) 등 노이즈 증가로 손해. κ 는 186 → 204 → 226 → 238 code/V².
A13: MBL | B13: n(전체) | C13: κ 평균 | D13: 신호σ 평균 | E13: RMSE 평균 | F13: headroom 최소 | G13: depth 평균 | H13: noise 평균 | I13: 메모
A14: -1.25 | B14: 14 | C14: 186.35714 | D14: 38.428571 | E14: 5.9357143 | F14: 2081 | G14: 115.42857 | H14: 7.7714286 | I14: 전체 라운드 (span0.7/sw0.7/fit0.6/ns3)
A15: -1.5 | B15: 8 | C15: 206.875 | D15: 42.375 | E15: 6.1875 | F15: 1735 | G15: 120.625 | H15: 8.1625 | I15: 전체 라운드 (span0.7/sw0.7/fit0.6/ns3)
A16: -1.75 | B16: 13 | C16: 226.53846 | D16: 46.984615 | E16: 6.2384615 | F16: 1255 | G16: 137.61538 | H16: 9.3 | I16: 전체 라운드 (span0.7/sw0.7/fit0.6/ns3)
A17: -2 | B17: 7 | C17: 233.71429 | D17: 47.642857 | E17: 7.6428571 | F17: 666 | G17: 139.71429 | H17: 10.571429 | I17: 전체 라운드 (span0.7/sw0.7/fit0.6/ns3)

Sheet 조건별요약
A1: rank | B1: span | C1: mbl | D1: center_d | E1: sweep_half | F1: fit_half | G1: samples | H1: n | I1: median | J1: mean | K1: sd | L1: best | M1: worst | N1: rmse_q | O1: noise | P1: snr | Q1: kappa | R1: headroom_min | S1: depth | T1: t_s
A2: 1 | B2: 0.75 | C2: -2 | D2: 0 | E2: 0.7 | F2: 0.6 | G2: 3 | H2: 1 | I2: 0.9871 | J2: 0.9871 | L2: 0.9871 | M2: 0.9871 | N2: 6.6 | O2: 11.4 | P2: 8.99 | Q2: 237 | R2: 682 | S2: 129 | T2: 195.6
A3: 2 | B3: 0.75 | C3: -1.75 | D3: 0 | E3: 0.7 | F3: 0.7 | G3: 3 | H3: 1 | I3: 0.9858 | J3: 0.9858 | L3: 0.9858 | M3: 0.9858 | N3: 6.7 | O3: 10.4 | P3: 8.34 | Q3: 224 | R3: 1284 | S3: 130 | T3: 112.5
A4: 3 | B4: 0.7 | C4: -1.75 | D4: 0 | E4: 0.7 | F4: 0.6 | G4: 6 | H4: 2 | I4: 0.9852 | J4: 0.9852 | K4: 0.0070710678 | L4: 0.9902 | M4: 0.9802 | N4: 5.15 | O4: 10.9 | P4: 9.005 | Q4: 226.5 | R4: 1250 | S4: 146.5 | T4: 114.9
A5: 4 | B5: 0.7 | C5: -1.75 | D5: 0 | E5: 0.8 | F5: 0.7 | G5: 3 | H5: 1 | I5: 0.985 | J5: 0.985 | L5: 0.985 | M5: 0.985 | N5: 5.7 | O5: 8.8 | P5: 8.53 | Q5: 225 | R5: 1221 | S5: 170 | T5: 102.8
A6: 5 | B6: 0.75 | C6: -1.5 | D6: 0 | E6: 0.8 | F6: 0.6 | G6: 3 | H6: 1 | I6: 0.9844 | J6: 0.9844 | L6: 0.9844 | M6: 0.9844 | N6: 6.2 | O6: 9.4 | P6: 8.4 | Q6: 210 | R6: 1710 | S6: 142 | T6: 160
A7: 6 | B7: 0.7 | C7: -1.5 | D7: 0 | E7: 0.7 | F7: 0.7 | G7: 3 | H7: 1 | I7: 0.9841 | J7: 0.9841 | L7: 0.9841 | M7: 0.9841 | N7: 5.3 | O7: 8.4 | P7: 8.19 | Q7: 205 | R7: 1750 | S7: 120 | T7: 109.7
A8: 7 | B8: 0.7 | C8: -1.25 | D8: 0 | E8: 0.8 | F8: 0.7 | G8: 3 | H8: 1 | I8: 0.9831 | J8: 0.9831 | L8: 0.9831 | M8: 0.9831 | N8: 5.3 | O8: 8 | P8: 7.42 | Q8: 184 | R8: 2094 | S8: 147 | T8: 142.9
A9: 8 | B9: 0.75 | C9: -1.5 | D9: 0 | E9: 0.7 | F9: 0.6 | G9: 3 | H9: 1 | I9: 0.9831 | J9: 0.9831 | L9: 0.9831 | M9: 0.9831 | N9: 6.5 | O9: 7.7 | P9: 7.93 | Q9: 208 | R9: 1756 | S9: 121 | T9: 111.1
A10: 9 | B10: 0.7 | C10: -1.5 | D10: 0 | E10: 0.8 | F10: 0.6 | G10: 3 | H10: 3 | I10: 0.9819 | J10: 0.9829 | K10: 0.0018193405 | L10: 0.985 | M10: 0.9818 | N10: 5.4 | O10: 8.7 | P10: 7.95 | Q10: 213 | R10: 1714 | S10: 155 | T10: 144.6
A11: 10 | B11: 0.7 | C11: -2 | D11: 0 | E11: 0.7 | F11: 0.7 | G11: 3 | H11: 2 | I11: 0.9814 | J11: 0.9814 | K11: 0.00070710678 | L11: 0.9819 | M11: 0.9809 | N11: 6.3 | O11: 9.9 | P11: 7.575 | Q11: 238.5 | R11: 651 | S11: 146.5 | T11: 183.9
A12: 11 | B12: 0.75 | C12: -1.25 | D12: 0 | E12: 0.7 | F12: 0.7 | G12: 3 | H12: 2 | I12: 0.98135 | J12: 0.98135 | K12: 0.0044547727 | L12: 0.9845 | M12: 0.9782 | N12: 5.8 | O12: 7.25 | P12: 7.5 | Q12: 187 | R12: 2110 | S12: 104 | T12: 139.65
A13: 12 | B13: 0.7 | C13: -2 | D13: 0 | E13: 0.7 | F13: 0.6 | G13: 3 | H13: 7 | I13: 0.9812 | J13: 0.9708 | K13: 0.018061469 | L13: 0.9856 | M13: 0.9361 | N13: 7.1 | O13: 10.8 | P13: 7.23 | Q13: 235 | R13: 666 | S13: 139 | T13: 146.4
A14: 13 | B14: 0.6 | C14: -1.25 | D14: 0 | E14: 0.8 | F14: 0.6 | G14: 3 | H14: 1 | I14: 0.9808 | J14: 0.9808 | L14: 0.9808 | M14: 0.9808 | N14: 3.9 | O14: 7.9 | P14: 7.46 | Q14: 187 | R14: 2086 | S14: 151 | T14: 120
A15: 14 | B15: 0.7 | C15: -1.75 | D15: 0 | E15: 0.7 | F15: 0.7 | G15: 3 | H15: 5 | I15: 0.9807 | J15: 0.97856 | K15: 0.0046035856 | L15: 0.9834 | M15: 0.9718 | N15: 6.3 | O15: 9.3 | P15: 7.41 | Q15: 224 | R15: 1265 | S15: 141 | T15: 96.1
A16: 15 | B16: 0.7 | C16: -2 | D16: 0 | E16: 0.8 | F16: 0.6 | G16: 3 | H16: 1 | I16: 0.9805 | J16: 0.9805 | L16: 0.9805 | M16: 0.9805 | N16: 6.9 | O16: 10.2 | P16: 7.5 | Q16: 238 | R16: 651 | S16: 161 | T16: 138.3
A17: 16 | B17: 0.7 | C17: -1.75 | D17: 0 | E17: 0.7 | F17: 0.6 | G17: 3 | H17: 13 | I17: 0.9804 | J17: 0.98103077 | K17: 0.0054733269 | L17: 0.9902 | M17: 0.9722 | N17: 6.6 | O17: 9.1 | P17: 7.35 | Q17: 226 | R17: 1255 | S17: 142 | T17: 112.9
A18: 17 | B18: 0.75 | C18: -1.75 | D18: 0 | E18: 0.8 | F18: 0.6 | G18: 3 | H18: 1 | I18: 0.9803 | J18: 0.9803 | L18: 0.9803 | M18: 0.9803 | N18: 7.9 | O18: 9.7 | P18: 7.35 | Q18: 230 | R18: 1236 | S18: 174 | T18: 163.6
A19: 18 | B19: 0.75 | C19: -1.75 | D19: 0 | E19: 0.7 | F19: 0.6 | G19: 3 | H19: 3 | I19: 0.9792 | J19: 0.97876667 | K19: 0.0091576926 | L19: 0.9877 | M19: 0.9694 | N19: 8 | O19: 8.7 | P19: 7 | Q19: 224 | R19: 1240 | S19: 146 | T19: 112
A20: 19 | B20: 0.7 | C20: -1.5 | D20: 0 | E20: 0.7 | F20: 0.6 | G20: 3 | H20: 8 | I20: 0.97855 | J20: 0.9768 | K20: 0.011619319 | L20: 0.9891 | M20: 0.9501 | N20: 6.15 | O20: 8.15 | P20: 6.915 | Q20: 205 | R20: 1735 | S20: 122 | T20: 120.45
A21: 20 | B21: 0.7 | C21: -1.75 | D21: 0 | E21: 0.8 | F21: 0.6 | G21: 3 | H21: 3 | I21: 0.9775 | J21: 0.97756667 | K21: 0.0024006943 | L21: 0.98 | M21: 0.9752 | N21: 7.1 | O21: 9.8 | P21: 6.81 | Q21: 226 | R21: 1216 | S21: 164 | T21: 162.3
A22: 21 | B22: 0.7 | C22: -1.25 | D22: 0 | E22: 0.7 | F22: 0.7 | G22: 3 | H22: 5 | I22: 0.9768 | J22: 0.97414 | K22: 0.0080646141 | L22: 0.9796 | M22: 0.9602 | N22: 6 | O22: 7.9 | P22: 6.73 | Q22: 184 | R22: 2107 | S22: 101 | T22: 134.2
A23: 22 | B23: 0.6 | C23: -1.5 | D23: 0 | E23: 0.7 | F23: 0.6 | G23: 3 | H23: 1 | I23: 0.9768 | J23: 0.9768 | L23: 0.9768 | M23: 0.9768 | N23: 5.1 | O23: 7.9 | P23: 6.69 | Q23: 211 | R23: 1778 | S23: 103 | T23: 146.8
A24: 23 | B24: 0.7 | C24: -1.25 | D24: 0 | E24: 0.7 | F24: 0.6 | G24: 3 | H24: 14 | I24: 0.97515 | J24: 0.97427143 | K24: 0.010073226 | L24: 0.9873 | M24: 0.9445 | N24: 5.7 | O24: 7.55 | P24: 6.705 | Q24: 186 | R24: 2081 | S24: 117.5 | T24: 122.05
A25: 24 | B25: 0.7 | C25: -1.25 | D25: 0 | E25: 0.6 | F25: 0.6 | G25: 3 | H25: 1 | I25: 0.9726 | J25: 0.9726 | L25: 0.9726 | M25: 0.9726 | N25: 6.9 | O25: 6.6 | P25: 5.82 | Q25: 185 | R25: 2149 | S25: 83 | T25: 85.7
A26: 25 | B26: 0.75 | C26: -1.25 | D26: 0 | E26: 0.8 | F26: 0.6 | G26: 3 | H26: 4 | I26: 0.97085 | J26: 0.9676 | K26: 0.019091883 | L26: 0.9846 | M26: 0.9441 | N26: 7 | O26: 8.9 | P26: 6.495 | Q26: 191.5 | R26: 2044 | S26: 151.5 | T26: 101.3
A27: 26 | B27: 0.6 | C27: -1.25 | D27: 0 | E27: 0.7 | F27: 0.7 | G27: 3 | H27: 1 | I27: 0.9706 | J27: 0.9706 | L27: 0.9706 | M27: 0.9706 | N27: 4.8 | O27: 7.2 | P27: 6.03 | Q27: 184 | R27: 2129 | S27: 104 | T27: 206.1
A28: 27 | B28: 0.7 | C28: -1.25 | D28: 0 | E28: 0.8 | F28: 0.6 | G28: 3 | H28: 3 | I28: 0.9682 | J28: 0.9658 | K28: 0.014054537 | L28: 0.9785 | M28: 0.9507 | N28: 7.5 | O28: 9.1 | P28: 5.08 | Q28: 187 | R28: 2067 | S28: 146 | T28: 139.5
A29: 28 | B29: 0.75 | C29: -1.25 | D29: 0 | E29: 0.7 | F29: 0.6 | G29: 3 | H29: 3 | I29: 0.9661 | J29: 0.92973333 | K29: 0.07872435 | L29: 0.9837 | M29: 0.8394 | N29: 8.2 | O29: 8.8 | P29: 5.81 | Q29: 181 | R29: 2110 | S29: 113 | T29: 158.2
A30: 29 | B30: 0.7 | C30: -1.25 | D30: 0.1 | E30: 0.7 | F30: 0.6 | G30: 3 | H30: 1 | I30: 0.9649 | J30: 0.9649 | L30: 0.9649 | M30: 0.9649 | N30: 7.8 | O30: 8.6 | P30: 5.46 | Q30: 192 | R30: 2033 | S30: 117 | T30: 108.2
A31: 30 | B31: 0.7 | C31: -1.25 | D31: -0.1 | E31: 0.7 | F31: 0.6 | G31: 3 | H31: 1 | I31: 0.9618 | J31: 0.9618 | L31: 0.9618 | M31: 0.9618 | N31: 7.4 | O31: 8.1 | P31: 5.35 | Q31: 182 | R31: 2199 | S31: 112 | T31: 315.8
A32: 31 | B32: 0.7 | C32: -1.25 | D32: 0 | E32: 0.7 | F32: 0.5 | G32: 3 | H32: 2 | I32: 0.9612 | J32: 0.9612 | K32: 0.0028284271 | L32: 0.9632 | M32: 0.9592 | N32: 7.35 | O32: 7.9 | P32: 5.22 | Q32: 192.5 | R32: 2100 | S32: 115 | T32: 112.25
A33: 32 | B33: 0.75 | C33: -1.25 | D33: 0 | E33: 0.8 | F33: 0.7 | G33: 3 | H33: 2 | I33: 0.956 | J33: 0.956 | K33: 0.0090509668 | L33: 0.9624 | M33: 0.9496 | N33: 8.95 | O33: 9.45 | P33: 4.965 | Q33: 191.5 | R33: 2083 | S33: 137.5 | T33: 164.8
A34: 33 | B34: 0.75 | C34: -1.25 | D34: 0 | E34: 0.8 | F34: 0.5 | G34: 3 | H34: 2 | I34: 0.9533 | J34: 0.9533 | K34: 0.0098994949 | L34: 0.9603 | M34: 0.9463 | N34: 9.1 | O34: 8.35 | P34: 4.965 | Q34: 192 | R34: 2060 | S34: 146.5 | T34: 171.35
A35: 34 | B35: 0.6 | C35: -1.25 | D35: 0 | E35: 0.5 | F35: 0.5 | G35: 3 | H35: 1 | I35: 0.9509 | J35: 0.9509 | L35: 0.9509 | M35: 0.9509 | N35: 6.5 | O35: 7 | P35: 4.96 | Q35: 195 | R35: 2143 | S35: 67 | T35: 181.5
A36: 35 | B36: 0.6 | C36: -1.25 | D36: 0 | E36: 0.6 | F36: 0.5 | G36: 3 | H36: 2 | I36: 0.9495 | J36: 0.9495 | K36: 0.019374726 | L36: 0.9632 | M36: 0.9358 | N36: 6.1 | O36: 7.7 | P36: 4.745 | Q36: 194.5 | R36: 2138 | S36: 88 | T36: 136.5
A37: 36 | B37: 0.6 | C37: -1.25 | D37: 0 | E37: 0.7 | F37: 0.6 | G37: 3 | H37: 3 | I37: 0.9488 | J37: 0.9482 | K37: 0.0042320208 | L37: 0.9521 | M37: 0.9437 | N37: 6.6 | O37: 8.6 | P37: 4.28 | Q37: 190 | R37: 2111 | S37: 111 | T37: 130
A38: 37 | B38: 0.7 | C38: -1.75 | D38: 0 | E38: 0.7 | F38: 0.6 | G38: 1 | H38: 3 | I38: 0.9484 | J38: 0.93973333 | K38: 0.020428738 | L38: 0.9544 | M38: 0.9164 | N38: 10.8 | O38: 0 | P38: 4.31 | Q38: 230 | R38: 1281 | S38: 116 | T38: 151.8
A39: 38 | B39: 0.7 | C39: -1.75 | D39: 0 | E39: 0.7 | F39: 0.7 | G39: 1 | H39: 2 | I39: 0.94265 | J39: 0.94265 | K39: 0.024819448 | L39: 0.9602 | M39: 0.9251 | N39: 10.35 | O39: 0 | P39: 4.395 | Q39: 222 | R39: 1244 | S39: 138.5 | T39: 123.4
A40: 39 | B40: 0.5 | C40: -1.25 | D40: 0.1 | E40: 0.6 | F40: 0.5 | G40: 3 | H40: 1 | I40: 0.9423 | J40: 0.9423 | L40: 0.9423 | M40: 0.9423 | N40: 5.2 | O40: 9 | P40: 4.12 | Q40: 191 | R40: 2047 | S40: 84 | T40: 177.7
A41: 40 | B41: 0.7 | C41: -2 | D41: 0 | E41: 0.7 | F41: 0.6 | G41: 1 | H41: 2 | I41: 0.94025 | J41: 0.94025 | K41: 0.021566757 | L41: 0.9555 | M41: 0.925 | N41: 11.4 | O41: 0 | P41: 4.13 | Q41: 234.5 | R41: 611 | S41: 148 | T41: 82.35
A42: 41 | B42: 0.7 | C42: -1.5 | D42: 0 | E42: 0.7 | F42: 0.6 | G42: 1 | H42: 2 | I42: 0.93555 | J42: 0.93555 | K42: 0.042214275 | L42: 0.9654 | M42: 0.9057 | N42: 9.95 | O42: 0 | P42: 4.5 | Q42: 212 | R42: 1752 | S42: 121.5 | T42: 144.55
A43: 42 | B43: 0.6 | C43: -1.5 | D43: 0 | E43: 0.7 | F43: 0.5 | G43: 3 | H43: 1 | I43: 0.9317 | J43: 0.9317 | L43: 0.9317 | M43: 0.9317 | N43: 8.6 | O43: 11.4 | P43: 3.86 | Q43: 206 | R43: 1722 | S43: 134 | T43: 119.4
A44: 43 | B44: 0.5 | C44: -1.5 | D44: 0 | E44: 0.6 | F44: 0.5 | G44: 3 | H44: 1 | I44: 0.9261 | J44: 0.9261 | L44: 0.9261 | M44: 0.9261 | N44: 6.1 | O44: 8.1 | P44: 4.16 | Q44: 223 | R44: 1795 | S44: 86 | T44: 133.8
A45: 44 | B45: 0.6 | C45: -1.25 | D45: 0 | E45: 0.7 | F45: 0.5 | G45: 3 | H45: 1 | I45: 0.924 | J45: 0.924 | L45: 0.924 | M45: 0.924 | N45: 8.3 | O45: 9.1 | P45: 3.93 | Q45: 195 | R45: 2089 | S45: 134 | T45: 277.1
A46: 45 | B46: 0.5 | C46: -1.25 | D46: -0.1 | E46: 0.6 | F46: 0.5 | G46: 3 | H46: 1 | I46: 0.9116 | J46: 0.9116 | L46: 0.9116 | M46: 0.9116 | N46: 5.9 | O46: 6.7 | P46: 3.5 | Q46: 184 | R46: 2231 | S46: 88 | T46: 119.6
A47: 46 | B47: 0.5 | C47: -1.25 | D47: 0 | E47: 0.6 | F47: 0.5 | G47: 3 | H47: 4 | I47: 0.9 | J47: 0.899325 | K47: 0.040313635 | L47: 0.944 | M47: 0.8533 | N47: 5.35 | O47: 7.1 | P47: 3.245 | Q47: 193 | R47: 2119 | S47: 82 | T47: 128.15
A48: 47 | B48: 0.4 | C48: -1.25 | D48: 0 | E48: 0.5 | F48: 0.5 | G48: 3 | H48: 1 | I48: 0.899 | J48: 0.899 | L48: 0.899 | M48: 0.899 | N48: 4.1 | O48: 7.1 | P48: 3.22 | Q48: 185 | R48: 2162 | S48: 63 | T48: 94
A49: 48 | B49: 0.5 | C49: -1.5 | D49: 0 | E49: 0.5 | F49: 0.5 | G49: 3 | H49: 1 | I49: 0.8835 | J49: 0.8835 | L49: 0.8835 | M49: 0.8835 | N49: 7.6 | O49: 10.3 | P49: 2.84 | Q49: 195 | R49: 1784 | S49: 84 | T49: 180.5
A50: 49 | B50: 0.5 | C50: -1.25 | D50: 0.1 | E50: 0.5 | F50: 0.5 | G50: 3 | H50: 1 | I50: 0.8825 | J50: 0.8825 | L50: 0.8825 | M50: 0.8825 | N50: 7.9 | O50: 10.6 | P50: 2.63 | Q50: 183 | R50: 2075 | S50: 57 | T50: 164
A51: 50 | B51: 0.5 | C51: -1.25 | D51: 0 | E51: 0.5 | F51: 0.4 | G51: 3 | H51: 1 | I51: 0.8765 | J51: 0.8765 | L51: 0.8765 | M51: 0.8765 | N51: 7.5 | O51: 12 | P51: 2.89 | Q51: 191 | R51: 2137 | S51: 52 | T51: 67
A52: 51 | B52: 0.5 | C52: -1.25 | D52: 0 | E52: 0.6 | F52: 0.6 | G52: 3 | H52: 1 | I52: 0.8631 | J52: 0.8631 | L52: 0.8631 | M52: 0.8631 | N52: 8 | O52: 9.5 | P52: 2.74 | Q52: 196 | R52: 2151 | S52: 76 | T52: 282.4
A53: 52 | B53: 0.5 | C53: -1.25 | D53: 0 | E53: 0.5 | F53: 0.5 | G53: 3 | H53: 4 | I53: 0.86225 | J53: 0.848675 | K53: 0.091371709 | L53: 0.9431 | M53: 0.7271 | N53: 6.85 | O53: 7.5 | P53: 2.81 | Q53: 186 | R53: 2147 | S53: 63.5 | T53: 93.25
A54: 53 | B54: 0.5 | C54: -1.25 | D54: 0 | E54: 0.6 | F54: 0.4 | G54: 3 | H54: 1 | I54: 0.8528 | J54: 0.8528 | L54: 0.8528 | M54: 0.8528 | N54: 8.8 | O54: 7.6 | P54: 2.53 | Q54: 188 | R54: 2141 | S54: 64 | T54: 132.7
A55: 54 | B55: 0.5 | C55: -1.25 | D55: -0.2 | E55: 0.5 | F55: 0.5 | G55: 3 | H55: 1 | I55: 0.8515 | J55: 0.8515 | L55: 0.8515 | M55: 0.8515 | N55: 7.5 | O55: 8.9 | P55: 2.93 | Q55: 193 | R55: 2292 | S55: 64 | T55: 181.2
A56: 55 | B56: 0.5 | C56: -1.25 | D56: -0.1 | E56: 0.5 | F56: 0.5 | G56: 3 | H56: 1 | I56: 0.8339 | J56: 0.8339 | L56: 0.8339 | M56: 0.8339 | N56: 8.6 | O56: 8.5 | P56: 2.31 | Q56: 173 | R56: 2252 | S56: 58 | T56: 165.3
A57: 56 | B57: 0.5 | C57: -1 | D57: 0 | E57: 0.6 | F57: 0.5 | G57: 3 | H57: 1 | I57: 0.8317 | J57: 0.8317 | L57: 0.8317 | M57: 0.8317 | N57: 7.9 | O57: 8.3 | P57: 1.98 | Q57: 139 | R57: 2402 | S57: 79 | T57: 143.5
A58: 57 | B58: 0.5 | C58: -1.25 | D58: 0 | E58: 0.7 | F58: 0.5 | G58: 3 | H58: 1 | I58: 0.8069 | J58: 0.8069 | L58: 0.8069 | M58: 0.8069 | N58: 9.6 | O58: 9.7 | P58: 2.26 | Q58: 196 | R58: 2094 | S58: 101 | T58: 211.7
A59: 58 | B59: 0.4 | C59: -1.25 | D59: 0 | E59: 0.6 | F59: 0.5 | G59: 3 | H59: 1 | I59: 0.7791 | J59: 0.7791 | L59: 0.7791 | M59: 0.7791 | N59: 6 | O59: 7.7 | P59: 2.28 | Q59: 189 | R59: 2139 | S59: 86 | T59: 166.6
A60: 59 | B60: 0.5 | C60: -1 | D60: 0 | E60: 0.5 | F60: 0.5 | G60: 3 | H60: 1 | I60: 0.7624 | J60: 0.7624 | L60: 0.7624 | M60: 0.7624 | N60: 9.3 | O60: 9.7 | P60: 2.05 | Q60: 171 | R60: 2418 | S60: 62 | T60: 109.6
A62: 중앙값 내림차순. n=1 조건은 재현성 미확인. 같은 조건 반복 산포(sd) ≈ 0.005~0.02 (noise 구간에 따라).

Sheet Cal_cells
A1: round | B1: time | C1: cond | D1: cell | E1: row | F1: col | G1: v0 | H1: se_v | I1: kappa | J1: m_code | K1: depth | L1: p_exp | M1: asym | N1: pt_sd | O1: n_pts | P1: read_v | Q1: center_v
A2: 1 | B2: 10:01:34 | C2: mbl-1.25_C-0.93_span0.50_ns3 | D2: R0C0 | E2: 0 | F2: 0 | G2: -0.0409 | H2: 0.0227 | I2: 182.2 | J2: 523.4 | K2: 63.9 | M2: 0.526 | N2: 10.95 | O2: 24 | P2: -1.25 | Q2: -0.93
A3: 1 | B3: 10:01:34 | C3: mbl-1.25_C-0.93_span0.50_ns3 | D3: R1C0 | E3: 1 | F3: 0 | G3: -0.0811 | H3: 0.0231 | I3: 165.5 | J3: 628.5 | K3: 68.2 | M3: 0.767 | N3: 11.28 | O3: 24 | P3: -1.25 | Q3: -0.93
A4: 1 | B4: 10:01:58 | C4: mbl-1.25_C-0.93_span0.50_ns3 | D4: R0C1 | E4: 0 | F4: 1 | G4: 0.0351 | H4: 0.0209 | I4: 184.4 | J4: 538.3 | K4: 70.3 | L4: 1.854 | M4: 0.889 | N4: 14.2 | O4: 25 | P4: -1.25 | Q4: -0.93
A5: 1 | B5: 10:01:58 | C5: mbl-1.25_C-0.93_span0.50_ns3 | D5: R1C1 | E5: 1 | F5: 1 | G5: -0.0116 | H5: 0.0254 | I5: 210.7 | J5: 643.3 | K5: 89.4 | L5: 5.1 | M5: 0.716 | N5: 15.56 | O5: 25 | P5: -1.25 | Q5: -0.93
A6: 2 | B6: 10:05:30 | C6: mbl-1.25_C-0.93_span0.60_ns3 | D6: R0C0 | E6: 0 | F6: 0 | G6: -0.0268 | H6: 0.0239 | I6: 167.8 | J6: 536.2 | K6: 137.5 | M6: 1.16 | N6: 11.59 | O6: 34 | P6: -1.25 | Q6: -0.93
A7: 2 | B7: 10:05:30 | C7: mbl-1.25_C-0.93_span0.60_ns3 | D7: R1C0 | E7: 1 | F7: 0 | G7: -0.0319 | H7: 0.0135 | I7: 175.5 | J7: 640 | K7: 151.3 | L7: 5.009 | M7: 1.098 | N7: 9.54 | O7: 34 | P7: -1.25 | Q7: -0.93
A8: 2 | B8: 10:06:35 | C8: mbl-1.25_C-0.93_span0.60_ns3 | D8: R0C1 | E8: 0 | F8: 1 | G8: 0.0639 | H8: 0.0173 | I8: 220.4 | J8: 536.5 | K8: 135.5 | M8: 0.83 | N8: 14.22 | O8: 34 | P8: -1.25 | Q8: -0.93
A9: 2 | B9: 10:06:35 | C9: mbl-1.25_C-0.93_span0.60_ns3 | D9: R1C1 | E9: 1 | F9: 1 | G9: 0.009 | H9: 0.0115 | I9: 216 | J9: 641.4 | K9: 134 | M9: 0.951 | N9: 10.87 | O9: 34 | P9: -1.25 | Q9: -0.93
A10: 3 | B10: 10:07:57 | C10: mbl-1.25_C-0.93_span0.70_ns3 | D10: R0C0 | E10: 0 | F10: 0 | G10: -0.047 | H10: 0.0106 | I10: 204.4 | J10: 535 | K10: 121.4 | L10: 0.276 | M10: 0.889 | N10: 7.94 | O10: 30 | P10: -1.25 | Q10: -0.93
A11: 3 | B11: 10:07:57 | C11: mbl-1.25_C-0.93_span0.70_ns3 | D11: R1C0 | E11: 1 | F11: 0 | G11: -0.0508 | H11: 0.0166 | I11: 176.3 | J11: 642.6 | K11: 119.1 | M11: 0.931 | N11: 7.18 | O11: 30 | P11: -1.25 | Q11: -0.93
A12: 3 | B12: 10:08:26 | C12: mbl-1.25_C-0.93_span0.70_ns3 | D12: R0C1 | E12: 0 | F12: 1 | G12: 0.0377 | H12: 0.0106 | I12: 198.8 | J12: 534.4 | K12: 135.2 | L12: 1.461 | M12: 0.905 | N12: 7.44 | O12: 33 | P12: -1.25 | Q12: -0.93
A13: 3 | B13: 10:08:26 | C13: mbl-1.25_C-0.93_span0.70_ns3 | D13: R1C1 | E13: 1 | F13: 1 | G13: 0.0431 | H13: 0.0088 | I13: 186.3 | J13: 641.8 | K13: 137.8 | L13: 1.638 | M13: 1.063 | N13: 7.73 | O13: 33 | P13: -1.25 | Q13: -0.93
A14: 4 | B14: 10:10:37 | C14: mbl-1.50_C-0.93_span0.50_ns3 | D14: R0C0 | E14: 0 | F14: 0 | G14: -0.0659 | H14: 0.0154 | I14: 217.7 | J14: 887.2 | K14: 109.5 | M14: 0.825 | N14: 10.76 | O14: 27 | P14: -1.5 | Q14: -0.93
A15: 4 | B15: 10:10:37 | C15: mbl-1.50_C-0.93_span0.50_ns3 | D15: R1C0 | E15: 1 | F15: 0 | G15: -0.0623 | H15: 0.0136 | I15: 188.3 | J15: 1000.4 | K15: 95.6 | L15: 1.278 | M15: 3.297 | N15: 9.81 | O15: 27 | P15: -1.5 | Q15: -0.93
A16: 4 | B16: 10:11:27 | C16: mbl-1.50_C-0.93_span0.50_ns3 | D16: R0C1 | E16: 0 | F16: 1 | G16: 0.0544 | H16: 0.0319 | I16: 184.4 | J16: 888.1 | K16: 83.5 | M16: 0.573 | N16: 9.24 | O16: 23 | P16: -1.5 | Q16: -0.93
A17: 4 | B17: 10:11:27 | C17: mbl-1.50_C-0.93_span0.50_ns3 | D17: R1C1 | E17: 1 | F17: 1 | G17: 0.0474 | H17: 0.0246 | I17: 190.6 | J17: 1000.7 | K17: 84.6 | M17: 0.513 | N17: 12.81 | O17: 23 | P17: -1.5 | Q17: -0.93
A18: 5 | B18: 10:12:55 | C18: mbl-1.50_C-0.93_span0.60_ns3 | D18: R0C0 | E18: 0 | F18: 0 | G18: -0.0513 | H18: 0.0315 | I18: 215.1 | J18: 882.6 | K18: 174.1 | L18: 2.527 | M18: 0.846 | N18: 13.17 | O18: 34 | P18: -1.5 | Q18: -0.93
A19: 5 | B19: 10:12:55 | C19: mbl-1.50_C-0.93_span0.60_ns3 | D19: R1C0 | E19: 1 | F19: 0 | G19: -0.0471 | H19: 0.012 | I19: 216.9 | J19: 997.2 | K19: 161.1 | L19: 0.318 | M19: 1.721 | N19: 11.47 | O19: 34 | P19: -1.5 | Q19: -0.93
A20: 5 | B20: 10:13:26 | C20: mbl-1.50_C-0.93_span0.60_ns3 | D20: R0C1 | E20: 0 | F20: 1 | G20: 0.0503 | H20: 0.0204 | I20: 187.9 | J20: 885 | K20: 134.3 | M20: 9.044 | N20: 12.1 | O20: 33 | P20: -1.5 | Q20: -0.93
A21: 5 | B21: 10:13:26 | C21: mbl-1.50_C-0.93_span0.60_ns3 | D21: R1C1 | E21: 1 | F21: 1 | G21: 0.072 | H21: 0.0139 | I21: 204.9 | J21: 991 | K21: 139.4 | L21: 3.75 | M21: 0.968 | N21: 13.1 | O21: 33 | P21: -1.5 | Q21: -0.93
A22: 6 | B22: 10:15:39 | C22: mbl-1.25_C-1.13_span0.50_ns3 | D22: R0C0 | E22: 0 | F22: 0 | G22: -0.024 | H22: 0.0131 | I22: 174.9 | J22: 388.6 | K22: 92.4 | L22: 2.398 | M22: 1.259 | N22: 11.28 | O22: 25 | P22: -1.25 | Q22: -1.13
A23: 6 | B23: 10:15:39 | C23: mbl-1.25_C-1.13_span0.50_ns3 | D23: R1C0 | E23: 1 | F23: 0 | G23: -0.0348 | H23: 0.0146 | I23: 186.6 | J23: 492.8 | K23: 95.5 | L23: 1.398 | M23: 0.765 | N23: 10.44 | O23: 25 | P23: -1.25 | Q23: -1.13
A24: 6 | B24: 10:16:27 | C24: mbl-1.25_C-1.13_span0.50_ns3 | D24: R0C1 | E24: 0 | F24: 1 | G24: 0.023 | H24: 0.0222 | I24: 217 | J24: 389.1 | K24: 63.9 | L24: 5.108 | M24: 1.146 | N24: 11.97 | O24: 21 | P24: -1.25 | Q24: -1.13
A25: 6 | B25: 10:16:27 | C25: mbl-1.25_C-1.13_span0.50_ns3 | D25: R1C1 | E25: 1 | F25: 1 | G25: -0.0105 | H25: 0.0194 | I25: 192 | J25: 496.3 | K25: 67 | L25: 4.317 | M25: 1.101 | N25: 12.58 | O25: 21 | P25: -1.25 | Q25: -1.13
A26: 7 | B26: 10:18:21 | C26: mbl-1.25_C-0.83_span0.50_ns3 | D26: R0C0 | E26: 0 | F26: 0 | G26: -0.0411 | H26: 0.0175 | I26: 193.4 | J26: 619.9 | K26: 74.1 | M26: 0.392 | N26: 11.68 | O26: 24 | P26: -1.25 | Q26: -0.83
A27: 7 | B27: 10:18:21 | C27: mbl-1.25_C-0.83_span0.50_ns3 | D27: R1C0 | E27: 1 | F27: 0 | G27: -0.0437 | H27: 0.0128 | I27: 181.8 | J27: 729.3 | K27: 76 | M27: 1.04 | N27: 8.16 | O27: 24 | P27: -1.25 | Q27: -0.83
A28: 7 | B28: 10:19:11 | C28: mbl-1.25_C-0.83_span0.50_ns3 | D28: R0C1 | E28: 0 | F28: 1 | G28: 0.0466 | H28: 0.0248 | I28: 191 | J28: 617.8 | K28: 57.2 | M28: 1.473 | N28: 10.4 | O28: 23 | P28: -1.25 | Q28: -0.83
A29: 7 | B29: 10:19:11 | C29: mbl-1.25_C-0.83_span0.50_ns3 | D29: R1C1 | E29: 1 | F29: 1 | G29: 0.0188 | H29: 0.0307 | I29: 167.7 | J29: 731.5 | K29: 57.5 | L29: 0.881 | M29: 0.785 | N29: 12.54 | O29: 23 | P29: -1.25 | Q29: -0.83
A30: 8 | B30: 10:19:52 | C30: mbl-1.25_C-0.93_span0.50_ns3 | D30: R0C0 | E30: 0 | F30: 0 | G30: -0.0224 | H30: 0.0159 | I30: 190.1 | J30: 537.3 | K30: 52 | L30: 4.656 | M30: 0.868 | N30: 9.13 | O30: 21 | P30: -1.25 | Q30: -0.93
A31: 8 | B31: 10:19:52 | C31: mbl-1.25_C-0.93_span0.50_ns3 | D31: R1C0 | E31: 1 | F31: 0 | G31: -0.0505 | H31: 0.0229 | I31: 177 | J31: 643.4 | K31: 60.9 | M31: 1.602 | N31: 11.08 | O31: 21 | P31: -1.25 | Q31: -0.93
A32: 8 | B32: 10:20:18 | C32: mbl-1.25_C-0.93_span0.50_ns3 | D32: R0C1 | E32: 0 | F32: 1 | G32: 0.0543 | H32: 0.0201 | I32: 215 | J32: 532.3 | K32: 112.7 | M32: 0.123 | N32: 11.27 | O32: 29 | P32: -1.25 | Q32: -0.93
A33: 8 | B33: 10:20:18 | C33: mbl-1.25_C-0.93_span0.50_ns3 | D33: R1C1 | E33: 1 | F33: 1 | G33: 0.0382 | H33: 0.0459 | I33: 182.2 | J33: 646.7 | K33: 96 | M33: 1.042 | N33: 12.26 | O33: 29 | P33: -1.25 | Q33: -0.93
A34: 9 | B34: 10:24:36 | C34: mbl-1.25_C-0.93_span0.50_ns3 | D34: R0C0 | E34: 0 | F34: 0 | G34: -0.0601 | H34: 0.0143 | I34: 185.8 | J34: 531.1 | K34: 76.2 | M34: 1.007 | N34: 13.72 | O34: 26 | P34: -1.25 | Q34: -0.93
A35: 9 | B35: 10:24:36 | C35: mbl-1.25_C-0.93_span0.50_ns3 | D35: R1C0 | E35: 1 | F35: 0 | G35: -0.0448 | H35: 0.0122 | I35: 203.8 | J35: 636.7 | K35: 92 | L35: 4.875 | M35: 1.833 | N35: 10.09 | O35: 26 | P35: -1.25 | Q35: -0.93
A36: 9 | B36: 10:25:01 | C36: mbl-1.25_C-0.93_span0.50_ns3 | D36: R0C1 | E36: 0 | F36: 1 | G36: 0.0433 | H36: 0.0116 | I36: 186 | J36: 531.6 | K36: 79 | L36: 3.955 | M36: 0.559 | N36: 11.41 | O36: 25 | P36: -1.25 | Q36: -0.93
A37: 9 | B37: 10:25:01 | C37: mbl-1.25_C-0.93_span0.50_ns3 | D37: R1C1 | E37: 1 | F37: 1 | G37: 0.0282 | H37: 0.0136 | I37: 208.2 | J37: 636 | K37: 84.3 | L37: 4.079 | M37: 0.366 | N37: 12.1 | O37: 25 | P37: -1.25 | Q37: -0.93
A38: 10 | B38: 10:25:58 | C38: mbl-1.00_C-0.93_span0.50_ns3 | D38: R0C0 | E38: 0 | F38: 0 | G38: -0.0347 | H38: 0.0252 | I38: 146.4 | J38: 293.6 | K38: 62 | M38: 2 | N38: 12.09 | O38: 26 | P38: -1 | Q38: -0.93
A39: 10 | B39: 10:25:58 | C39: mbl-1.00_C-0.93_span0.50_ns3 | D39: R1C0 | E39: 1 | F39: 0 | G39: -0.0264 | H39: 0.0198 | I39: 141.2 | J39: 395.2 | K39: 64.8 | L39: 0.623 | M39: 1.286 | N39: 9.12 | O39: 26 | P39: -1 | Q39: -0.93
A40: 10 | B40: 10:26:50 | C40: mbl-1.00_C-0.93_span0.50_ns3 | D40: R0C1 | E40: 0 | F40: 1 | G40: 0.0042 | H40: 0.0144 | I40: 237.8 | J40: 286.3 | K40: 69.4 | L40: 1.427 | M40: 1.409 | N40: 14.19 | O40: 26 | P40: -1 | Q40: -0.93
A41: 10 | B41: 10:26:50 | C41: mbl-1.00_C-0.93_span0.50_ns3 | D41: R1C1 | E41: 1 | F41: 1 | G41: 0.0121 | H41: 0.0129 | I41: 160.5 | J41: 396.2 | K41: 66.1 | M41: 1.311 | N41: 10.06 | O41: 26 | P41: -1 | Q41: -0.93
A42: 11 | B42: 10:29:05 | C42: mbl-1.25_C-0.93_span0.75_ns3 | D42: R0C0 | E42: 0 | F42: 0 | G42: -0.0569 | H42: 0.0198 | I42: 204.2 | J42: 538.2 | K42: 186.5 | M42: 1.353 | N42: 11.04 | O42: 40 | P42: -1.25 | Q42: -0.93
A43: 11 | B43: 10:29:05 | C43: mbl-1.25_C-0.93_span0.75_ns3 | D43: R1C0 | E43: 1 | F43: 0 | G43: -0.0286 | H43: 0.0124 | I43: 197.6 | J43: 643.3 | K43: 176.4 | L43: 1.441 | M43: 0.938 | N43: 9.87 | O43: 40 | P43: -1.25 | Q43: -0.93
A44: 11 | B44: 10:30:22 | C44: mbl-1.25_C-0.93_span0.75_ns3 | D44: R0C1 | E44: 0 | F44: 1 | G44: 0.0438 | H44: 0.0213 | I44: 178.1 | J44: 538.1 | K44: 147.2 | M44: 2.516 | N44: 10.9 | O44: 36 | P44: -1.25 | Q44: -0.93
A45: 11 | B45: 10:30:22 | C45: mbl-1.25_C-0.93_span0.75_ns3 | D45: R1C1 | E45: 1 | F45: 1 | G45: 0.0408 | H45: 0.0184 | I45: 195.2 | J45: 641 | K45: 167.3 | L45: 1.896 | M45: 1.662 | N45: 8.72 | O45: 36 | P45: -1.25 | Q45: -0.93
A46: 12 | B46: 10:32:48 | C46: mbl-1.25_C-0.93_span0.70_ns3 | D46: R0C0 | E46: 0 | F46: 0 | G46: -0.0322 | H46: 0.0084 | I46: 188.8 | J46: 547.6 | K46: 169.7 | L46: 1.476 | M46: 1.001 | N46: 8.14 | O46: 32 | P46: -1.25 | Q46: -0.93
A47: 12 | B47: 10:32:48 | C47: mbl-1.25_C-0.93_span0.70_ns3 | D47: R1C0 | E47: 1 | F47: 0 | G47: -0.0389 | H47: 0.0111 | I47: 183 | J47: 654.7 | K47: 144.3 | M47: 1.15 | N47: 8.63 | O47: 32 | P47: -1.25 | Q47: -0.93
A48: 12 | B48: 10:33:56 | C48: mbl-1.25_C-0.93_span0.70_ns3 | D48: R0C1 | E48: 0 | F48: 1 | G48: 0.0369 | H48: 0.0126 | I48: 172.2 | J48: 547.4 | K48: 119.6 | L48: 2.628 | M48: 1.331 | N48: 8.86 | O48: 33 | P48: -1.25 | Q48: -0.93
A49: 12 | B49: 10:33:56 | C49: mbl-1.25_C-0.93_span0.70_ns3 | D49: R1C1 | E49: 1 | F49: 1 | G49: 0.0212 | H49: 0.0112 | I49: 191 | J49: 653.7 | K49: 128.9 | L49: 2.329 | M49: 1.98 | N49: 8.03 | O49: 33 | P49: -1.25 | Q49: -0.93
A50: 13 | B50: 10:35:06 | C50: mbl-1.25_C-0.93_span0.50_ns3 | D50: R0C0 | E50: 0 | F50: 0 | G50: -0.0514 | H50: 0.0077 | I50: 181.5 | J50: 543.4 | K50: 60.9 | L50: 4.09 | M50: 1.139 | N50: 7.7 | O50: 24 | P50: -1.25 | Q50: -0.93
A51: 13 | B51: 10:35:06 | C51: mbl-1.25_C-0.93_span0.50_ns3 | D51: R1C0 | E51: 1 | F51: 0 | G51: -0.0512 | H51: 0.0134 | I51: 184.8 | J51: 649.8 | K51: 67.6 | M51: 0.699 | N51: 5.95 | O51: 24 | P51: -1.25 | Q51: -0.93
A52: 13 | B52: 10:35:31 | C52: mbl-1.25_C-0.93_span0.50_ns3 | D52: R0C1 | E52: 0 | F52: 1 | G52: 0.0414 | H52: 0.0067 | I52: 183.3 | J52: 542.2 | K52: 81.1 | L52: 3.586 | M52: 0.829 | N52: 5.47 | O52: 25 | P52: -1.25 | Q52: -0.93
A53: 13 | B53: 10:35:31 | C53: mbl-1.25_C-0.93_span0.50_ns3 | D53: R1C1 | E53: 1 | F53: 1 | G53: 0.0253 | H53: 0.0074 | I53: 195.4 | J53: 651 | K53: 79.7 | L53: 3.349 | M53: 0.835 | N53: 6.45 | O53: 25 | P53: -1.25 | Q53: -0.93
A54: 14 | B54: 10:36:25 | C54: mbl-1.25_C-0.93_span0.40_ns3 | D54: R0C0 | E54: 0 | F54: 0 | G54: -0.0565 | H54: 0.0066 | I54: 185.3 | J54: 546.5 | K54: 68.5 | L54: 1.094 | M54: 0.949 | N54: 7.82 | O54: 25 | P54: -1.25 | Q54: -0.93
A55: 14 | B55: 10:36:25 | C55: mbl-1.25_C-0.93_span0.40_ns3 | D55: R1C0 | E55: 1 | F55: 0 | G55: -0.0498 | H55: 0.0096 | I55: 175 | J55: 653.3 | K55: 64.7 | L55: 5.054 | M55: 1.572 | N55: 5.92 | O55: 25 | P55: -1.25 | Q55: -0.93
A56: 14 | B56: 10:37:04 | C56: mbl-1.25_C-0.93_span0.40_ns3 | D56: R0C1 | E56: 0 | F56: 1 | G56: 0.0555 | H56: 0.0109 | I56: 196.5 | J56: 544.7 | K56: 62.7 | L56: 2.479 | M56: 2.245 | N56: 7.73 | O56: 24 | P56: -1.25 | Q56: -0.93
A57: 14 | B57: 10:37:04 | C57: mbl-1.25_C-0.93_span0.40_ns3 | D57: R1C1 | E57: 1 | F57: 1 | G57: 0.0411 | H57: 0.0096 | I57: 184.2 | J57: 651.6 | K57: 64.4 | L57: 2.655 | M57: 1.194 | N57: 6.71 | O57: 24 | P57: -1.25 | Q57: -0.93
A58: 15 | B58: 10:39:15 | C58: mbl-1.25_C-0.93_span0.60_ns3 | D58: R0C0 | E58: 0 | F58: 0 | G58: -0.0235 | H58: 0.0147 | I58: 192.5 | J58: 541.7 | K58: 67.3 | L58: 2.132 | M58: 1.478 | N58: 9.59 | O58: 23 | P58: -1.25 | Q58: -0.93
A59: 15 | B59: 10:39:15 | C59: mbl-1.25_C-0.93_span0.60_ns3 | D59: R1C0 | E59: 1 | F59: 0 | G59: -0.0493 | H59: 0.0128 | I59: 200.2 | J59: 649.1 | K59: 87.5 | M59: 0.62 | N59: 11.14 | O59: 23 | P59: -1.25 | Q59: -0.93
A60: 15 | B60: 10:40:06 | C60: mbl-1.25_C-0.93_span0.60_ns3 | D60: R0C1 | E60: 0 | F60: 1 | G60: 0.0493 | H60: 0.0071 | I60: 189.9 | J60: 539.1 | K60: 81.2 | L60: 3.733 | M60: 1.29 | N60: 6.46 | O60: 24 | P60: -1.25 | Q60: -0.93
A61: 15 | B61: 10:40:06 | C61: mbl-1.25_C-0.93_span0.60_ns3 | D61: R1C1 | E61: 1 | F61: 1 | G61: 0.0137 | H61: 0.0136 | I61: 197 | J61: 645.2 | K61: 70.1 | L61: 3.151 | M61: 1.028 | N61: 8.75 | O61: 24 | P61: -1.25 | Q61: -0.93
A62: 16 | B62: 10:41:00 | C62: mbl-1.25_C-0.93_span0.50_ns3 | D62: R0C0 | E62: 0 | F62: 0 | G62: -0.0356 | H62: 0.0096 | I62: 194 | J62: 540.8 | K62: 67.8 | L62: 0.809 | M62: 0.76 | N62: 5.48 | O62: 24 | P62: -1.25 | Q62: -0.93
A63: 16 | B63: 10:41:00 | C63: mbl-1.25_C-0.93_span0.50_ns3 | D63: R1C0 | E63: 1 | F63: 0 | G63: -0.0534 | H63: 0.01 | I63: 183.9 | J63: 647.9 | K63: 65.1 | L63: 3.027 | M63: 0.763 | N63: 7.2 | O63: 24 | P63: -1.25 | Q63: -0.93
A64: 16 | B64: 10:41:24 | C64: mbl-1.25_C-0.93_span0.50_ns3 | D64: R0C1 | E64: 0 | F64: 1 | G64: 0.0426 | H64: 0.0143 | I64: 210.1 | J64: 538.1 | K64: 81.6 | L64: 1.511 | M64: 1.219 | N64: 8.77 | O64: 25 | P64: -1.25 | Q64: -0.93
A65: 16 | B65: 10:41:24 | C65: mbl-1.25_C-0.93_span0.50_ns3 | D65: R1C1 | E65: 1 | F65: 1 | G65: 0.0163 | H65: 0.011 | I65: 219.4 | J65: 644 | K65: 89 | L65: 3.473 | M65: 1.011 | N65: 9.89 | O65: 25 | P65: -1.25 | Q65: -0.93
A66: 17 | B66: 10:43:27 | C66: mbl-1.25_C-0.93_span0.50_ns3 | D66: R0C0 | E66: 0 | F66: 0 | G66: -0.0465 | H66: 0.0128 | I66: 227.7 | J66: 533.7 | K66: 95.3 | M66: 0.372 | N66: 10.15 | O66: 29 | P66: -1.25 | Q66: -0.93
A67: 17 | B67: 10:43:27 | C67: mbl-1.25_C-0.93_span0.50_ns3 | D67: R1C0 | E67: 1 | F67: 0 | G67: -0.0365 | H67: 0.0145 | I67: 196.5 | J67: 640.9 | K67: 89.7 | M67: 0.572 | N67: 7.44 | O67: 29 | P67: -1.25 | Q67: -0.93
A68: 17 | B68: 10:44:32 | C68: mbl-1.25_C-0.93_span0.50_ns3 | D68: R0C1 | E68: 0 | F68: 1 | G68: 0.0318 | H68: 0.0136 | I68: 178.9 | J68: 531.3 | K68: 109.1 | M68: 1.308 | N68: 7.45 | O68: 27 | P68: -1.25 | Q68: -0.93
A69: 17 | B69: 10:44:32 | C69: mbl-1.25_C-0.93_span0.50_ns3 | D69: R1C1 | E69: 1 | F69: 1 | G69: 0.0231 | H69: 0.0062 | I69: 199 | J69: 635.6 | K69: 119.1 | L69: 3.192 | M69: 0.95 | N69: 8.03 | O69: 27 | P69: -1.25 | Q69: -0.93
A70: 18 | B70: 10:46:28 | C70: mbl-1.25_C-1.03_span0.50_ns3 | D70: R0C0 | E70: 0 | F70: 0 | G70: -0.0486 | H70: 0.006 | I70: 188.9 | J70: 454.9 | K70: 58.1 | L70: 3.597 | M70: 0.827 | N70: 6.66 | O70: 24 | P70: -1.25 | Q70: -1.03
A71: 18 | B71: 10:46:28 | C71: mbl-1.25_C-1.03_span0.50_ns3 | D71: R1C0 | E71: 1 | F71: 0 | G71: -0.0457 | H71: 0.009 | I71: 165.7 | J71: 561.3 | K71: 60.7 | L71: 2.262 | M71: 0.855 | N71: 8.05 | O71: 24 | P71: -1.25 | Q71: -1.03
A72: 18 | B72: 10:47:18 | C72: mbl-1.25_C-1.03_span0.50_ns3 | D72: R0C1 | E72: 0 | F72: 1 | G72: 0.0672 | H72: 0.0157 | I72: 160.4 | J72: 461.6 | K72: 60.1 | M72: 0.495 | N72: 8.52 | O72: 24 | P72: -1.25 | Q72: -1.03
A73: 18 | B73: 10:47:18 | C73: mbl-1.25_C-1.03_span0.50_ns3 | D73: R1C1 | E73: 1 | F73: 1 | G73: 0.0182 | H73: 0.0173 | I73: 178 | J73: 568.3 | K73: 60 | L73: 1.171 | M73: 0.985 | N73: 10.89 | O73: 24 | P73: -1.25 | Q73: -1.03
A74: 19 | B74: 10:48:33 | C74: mbl-1.25_C-0.93_span0.50_ns3 | D74: R0C0 | E74: 0 | F74: 0 | G74: -0.0496 | H74: 0.0148 | I74: 156.9 | J74: 528.3 | K74: 76.7 | L74: 2.03 | M74: 0.305 | N74: 10 | O74: 26 | P74: -1.25 | Q74: -0.93
A75: 19 | B75: 10:48:33 | C75: mbl-1.25_C-0.93_span0.50_ns3 | D75: R1C0 | E75: 1 | F75: 0 | G75: -0.0695 | H75: 0.0128 | I75: 206.4 | J75: 628.8 | K75: 80.2 | M75: 0.944 | N75: 9.11 | O75: 26 | P75: -1.25 | Q75: -0.93
A76: 19 | B76: 10:49:35 | C76: mbl-1.25_C-0.93_span0.50_ns3 | D76: R0C1 | E76: 0 | F76: 1 | G76: 0.028 | H76: 0.008 | I76: 209.3 | J76: 526.6 | K76: 121.4 | L76: 1.555 | M76: 1.127 | N76: 5.65 | O76: 29 | P76: -1.25 | Q76: -0.93
A77: 19 | B77: 10:49:35 | C77: mbl-1.25_C-0.93_span0.50_ns3 | D77: R1C1 | E77: 1 | F77: 1 | G77: 0.0395 | H77: 0.0084 | I77: 202.2 | J77: 634.5 | K77: 126.2 | L77: 3.252 | M77: 1.048 | N77: 9.38 | O77: 29 | P77: -1.25 | Q77: -0.93
A78: 20 | B78: 10:50:18 | C78: mbl-1.25_C-0.93_span0.50_ns3 | D78: R0C0 | E78: 0 | F78: 0 | G78: -0.0559 | H78: 0.0097 | I78: 192.1 | J78: 527.3 | K78: 71.3 | L78: 1.2 | M78: 1.295 | N78: 8.78 | O78: 25 | P78: -1.25 | Q78: -0.93
A79: 20 | B79: 10:50:18 | C79: mbl-1.25_C-0.93_span0.50_ns3 | D79: R1C0 | E79: 1 | F79: 0 | G79: -0.0497 | H79: 0.0127 | I79: 168.7 | J79: 635.5 | K79: 76.2 | L79: 1.661 | M79: 1.182 | N79: 7.86 | O79: 25 | P79: -1.25 | Q79: -0.93
A80: 20 | B80: 10:51:09 | C80: mbl-1.25_C-0.93_span0.50_ns3 | D80: R0C1 | E80: 0 | F80: 1 | G80: 0.0588 | H80: 0.0118 | I80: 165.3 | J80: 537 | K80: 74.3 | L80: 3.973 | M80: 0.758 | N80: 5.57 | O80: 23 | P80: -1.25 | Q80: -0.93
A81: 20 | B81: 10:51:09 | C81: mbl-1.25_C-0.93_span0.50_ns3 | D81: R1C1 | E81: 1 | F81: 1 | G81: 0.0486 | H81: 0.0138 | I81: 188.9 | J81: 643.6 | K81: 62.7 | M81: 0.677 | N81: 6.51 | O81: 23 | P81: -1.25 | Q81: -0.93
A82: 21 | B82: 10:53:37 | C82: mbl-1.25_C-0.93_span0.50_ns3 | D82: R0C0 | E82: 0 | F82: 0 | G82: -0.0488 | H82: 0.0086 | I82: 211.4 | J82: 534.8 | K82: 118.5 | L82: 1.672 | M82: 0.95 | N82: 6.3 | O82: 31 | P82: -1.25 | Q82: -0.93
A83: 21 | B83: 10:53:37 | C83: mbl-1.25_C-0.93_span0.50_ns3 | D83: R1C0 | E83: 1 | F83: 0 | G83: -0.0498 | H83: 0.0094 | I83: 176.1 | J83: 643.6 | K83: 101.1 | M83: 0.799 | N83: 7.18 | O83: 31 | P83: -1.25 | Q83: -0.93
A84: 21 | B84: 10:54:45 | C84: mbl-1.25_C-0.93_span0.50_ns3 | D84: R0C1 | E84: 0 | F84: 1 | G84: 0.0632 | H84: 0.0189 | I84: 206 | J84: 530.5 | K84: 155.8 | M84: 1.764 | N84: 11.98 | O84: 34 | P84: -1.25 | Q84: -0.93
A85: 21 | B85: 10:54:45 | C85: mbl-1.25_C-0.93_span0.50_ns3 | D85: R1C1 | E85: 1 | F85: 1 | G85: 0.0486 | H85: 0.0112 | I85: 191.6 | J85: 635.3 | K85: 150.7 | L85: 2.088 | M85: 1.224 | N85: 12.04 | O85: 34 | P85: -1.25 | Q85: -0.93
A86: 22 | B86: 10:57:04 | C86: mbl-1.25_C-0.93_span0.40_ns3 | D86: R0C0 | E86: 0 | F86: 0 | G86: -0.0321 | H86: 0.0114 | I86: 196.5 | J86: 527.1 | K86: 85.6 | M86: 1.131 | N86: 7.89 | O86: 28 | P86: -1.25 | Q86: -0.93
A87: 22 | B87: 10:57:04 | C87: mbl-1.25_C-0.93_span0.40_ns3 | D87: R1C0 | E87: 1 | F87: 0 | G87: -0.058 | H87: 0.01 | I87: 170.6 | J87: 633.3 | K87: 98.4 | L87: 0.943 | M87: 1.191 | N87: 7.47 | O87: 28 | P87: -1.25 | Q87: -0.93
A88: 22 | B88: 10:57:32 | C88: mbl-1.25_C-0.93_span0.40_ns3 | D88: R0C1 | E88: 0 | F88: 1 | G88: 0.0228 | H88: 0.0103 | I88: 201.3 | J88: 525.3 | K88: 101 | L88: 2.327 | M88: 0.923 | N88: 7.26 | O88: 29 | P88: -1.25 | Q88: -0.93
A89: 22 | B89: 10:57:32 | C89: mbl-1.25_C-0.93_span0.40_ns3 | D89: R1C1 | E89: 1 | F89: 1 | G89: 0.0288 | H89: 0.0107 | I89: 188.5 | J89: 632.5 | K89: 108.5 | L89: 3.389 | M89: 1.154 | N89: 8.04 | O89: 29 | P89: -1.25 | Q89: -0.93
A90: 23 | B90: 10:58:51 | C90: mbl-1.00_C-0.93_span0.50_ns3 | D90: R0C0 | E90: 0 | F90: 0 | G90: -0.018 | H90: 0.0153 | I90: 156.9 | J90: 284.6 | K90: 84.1 | M90: 1.578 | N90: 7.73 | O90: 30 | P90: -1 | Q90: -0.93
A91: 23 | B91: 10:58:51 | C91: mbl-1.00_C-0.93_span0.50_ns3 | D91: R1C0 | E91: 1 | F91: 0 | G91: -0.031 | H91: 0.0191 | I91: 134.3 | J91: 391.2 | K91: 78.8 | M91: 1.137 | N91: 6.6 | O91: 30 | P91: -1 | Q91: -0.93
A92: 23 | B92: 10:59:55 | C92: mbl-1.00_C-0.93_span0.50_ns3 | D92: R0C1 | E92: 0 | F92: 1 | G92: -0.0004 | H92: 0.0202 | I92: 112 | J92: 287.3 | K92: 87.4 | M92: 3.009 | N92: 8.73 | O92: 30 | P92: -1 | Q92: -0.93
A93: 23 | B93: 10:59:55 | C93: mbl-1.00_C-0.93_span0.50_ns3 | D93: R1C1 | E93: 1 | F93: 1 | G93: -0.0053 | H93: 0.0151 | I93: 152 | J93: 382.1 | K93: 95.9 | L93: 0.545 | M93: 2.212 | N93: 5.74 | O93: 30 | P93: -1 | Q93: -0.93
A94: 24 | B94: 11:00:39 | C94: mbl-1.25_C-0.93_span0.50_ns3 | D94: R0C0 | E94: 0 | F94: 0 | G94: -0.0518 | H94: 0.0076 | I94: 186.6 | J94: 529.1 | K94: 99.6 | L94: 1.367 | M94: 0.903 | N94: 7.66 | O94: 29 | P94: -1.25 | Q94: -0.93
A95: 24 | B95: 11:00:39 | C95: mbl-1.25_C-0.93_span0.50_ns3 | D95: R1C0 | E95: 1 | F95: 0 | G95: -0.0536 | H95: 0.0162 | I95: 193.5 | J95: 634.8 | K95: 98.6 | M95: 0.605 | N95: 9.68 | O95: 29 | P95: -1.25 | Q95: -0.93
A96: 24 | B96: 11:01:22 | C96: mbl-1.25_C-0.93_span0.50_ns3 | D96: R0C1 | E96: 0 | F96: 1 | G96: 0.0234 | H96: 0.0133 | I96: 217.5 | J96: 526 | K96: 92 | L96: 1.283 | M96: 1.473 | N96: 8.88 | O96: 28 | P96: -1.25 | Q96: -0.93
A97: 24 | B97: 11:01:22 | C97: mbl-1.25_C-0.93_span0.50_ns3 | D97: R1C1 | E97: 1 | F97: 1 | G97: 0.0273 | H97: 0.0099 | I97: 170.4 | J97: 635.9 | K97: 87.1 | M97: 0.957 | N97: 9.17 | O97: 28 | P97: -1.25 | Q97: -0.93
A98: 25 | B98: 11:03:24 | C98: mbl-1.25_C-0.83_span0.50_ns3 | D98: R0C0 | E98: 0 | F98: 0 | G98: -0.052 | H98: 0.0106 | I98: 198 | J98: 612.2 | K98: 105.1 | M98: 0.842 | N98: 7.27 | O98: 30 | P98: -1.25 | Q98: -0.83
A99: 25 | B99: 11:03:24 | C99: mbl-1.25_C-0.83_span0.50_ns3 | D99: R1C0 | E99: 1 | F99: 0 | G99: -0.0597 | H99: 0.0094 | I99: 203.9 | J99: 716.5 | K99: 116.5 | L99: 1.423 | M99: 1.165 | N99: 7.16 | O99: 30 | P99: -1.25 | Q99: -0.83
A100: 25 | B100: 11:04:19 | C100: mbl-1.25_C-0.83_span0.50_ns3 | D100: R0C1 | E100: 0 | F100: 1 | G100: 0.0706 | H100: 0.0108 | I100: 191.4 | J100: 613.2 | K100: 86.1 | L100: 0.763 | M100: 1.305 | N100: 8.08 | O100: 25 | P100: -1.25 | Q100: -0.83
...

Sheet Best_round_points
A1: 라운드 64 (12:39:30) — span 0.7 / MBL -1.75 / C -0.93 / sweep 0.7 / fit 0.6 / samples 3 → score 0.9902, 2차 R² 0.990/0.991, RMSE 4.8, noise 9.0
A3: q | B3: x0 [V] | C3: x1 [V] | D3: row | E3: code 측정 | F3: code 예측(2차) | G3: 잔차 | H3: code 예측(곡선) | I3: 잔차(곡선) | J3: excess 측정 | K3: excess 예측 | L3: D_cal [V²] | M3: 샘플 sd
A4: 0 | B4: 0.0479 | C4: -0.2246 | D4: 0 | E4: 1362.33 | F4: 1368.63 | G4: -6.29 | H4: 1369.21 | I4: -6.87 | J4: 22.75 | K4: 29.04 | L4: 29.039 | M4: 8.14
A5: 0 | B5: 0.0479 | C5: -0.2246 | D5: 1 | E5: 1480 | F5: 1482.53 | G5: -2.53 | H5: 1485.94 | I5: -5.94 | J5: 22.46 | K5: 24.99 | L5: 24.99 | M5: 4.58
A6: 1 | B6: 0.23 | C6: 0.1221 | D6: 0 | E6: 1353.67 | F6: 1361.04 | G6: -7.38 | H6: 1372.05 | I6: -18.39 | J6: 14.08 | K6: 21.46 | L6: 21.456 | M6: 4.62
A7: 1 | B7: 0.23 | C7: 0.1221 | D7: 1 | E7: 1482.67 | F7: 1476.99 | G7: 5.67 | H7: 1471.14 | I7: 11.52 | J7: 25.12 | K7: 19.45 | L7: 19.449 | M7: 10.41
A8: 2 | B8: 0.4829 | C8: -0.4599 | D8: 0 | E8: 1490 | F8: 1483.96 | G8: 6.04 | H8: 1490.69 | I8: -0.69 | J8: 150.41 | K8: 144.37 | L8: 144.374 | M8: 4.36
A9: 2 | B9: 0.4829 | C9: -0.4599 | D9: 1 | E9: 1595 | F9: 1589.17 | G9: 5.83 | H9: 1593.43 | I9: 1.57 | J9: 137.46 | K9: 131.63 | L9: 131.63 | M9: 4.58
A10: 3 | B10: 0.2532 | C10: -0.2847 | D10: 0 | E10: 1407.67 | F10: 1399.71 | G10: 7.96 | H10: 1409.01 | I10: -1.35 | J10: 68.08 | K10: 60.12 | L10: 60.123 | M10: 7.09
A11: 3 | B11: 0.2532 | C11: -0.2847 | D11: 1 | E11: 1515 | F11: 1510.92 | G11: 4.08 | H11: 1501.86 | I11: 13.14 | J11: 57.46 | K11: 53.37 | L11: 53.372 | M11: 11.36
A12: 4 | B12: -0.3579 | C12: 0.7047 | D12: 0 | E12: 1440.67 | F12: 1433.51 | G12: 7.16 | H12: 1454.18 | I12: -13.51 | J12: 101.08 | K12: 93.92 | L12: 93.923 | M12: 7.77
A13: 4 | B13: -0.3579 | C13: 0.7047 | D13: 1 | E13: 1563.33 | F13: 1558.28 | G13: 5.06 | H13: 1558.23 | I13: 5.11 | J13: 105.79 | K13: 100.73 | L13: 100.732 | M13: 12.01
A14: 5 | B14: -0.5979 | C14: 0.1945 | D14: 0 | E14: 1397.33 | F14: 1403.26 | G14: -5.92 | H14: 1407.36 | I14: -10.02 | J14: 57.75 | K14: 63.67 | L14: 63.671 | M14: 4.62
A15: 5 | B15: -0.5979 | C15: 0.1945 | D15: 1 | E15: 1519.33 | F15: 1517.46 | G15: 1.87 | H15: 1521.18 | I15: -1.85 | J15: 61.79 | K15: 59.92 | L15: 59.917 | M15: 15.04
... A51: 23 | B51: 0.2535 | C51: -0.0437 | D51: 1 | E51: 1489 | F51: 1483.81 | G51: 5.19 | H51: 1475.17 | I51: 13.83 | J51: 31.46 | K51: 26.27 | L51: 26.266 | M51: 6.24
A53: 검산 (수식)
A54: row0 | B54: R² | C54: =1-SUMPRODUCT((D4:D51=0)*(G4:G51)^2)/SUMPRODUCT((D4:D51=0)*(E4:E51-AVERAGEIF(D4:D51,0,E4:E51))^2) -> 0.98978983 | D54: RMSE | E54: =SQRT(SUMPRODUCT((D4:D51=0)*(G4:G51)^2)/COUNTIF(D4:D51,0)) -> 5.0071532
A55: row1 | B55: R² | C55: =1-SUMPRODUCT((D4:D51=1)*(G4:G51)^2)/SUMPRODUCT((D4:D51=1)*(E4:E51-AVERAGEIF(D4:D51,1,E4:E51))^2) -> 0.99058653 | D55: RMSE | E55: =SQRT(SUMPRODUCT((D4:D51=1)*(G4:G51)^2)/COUNTIF(D4:D51,1)) -> 4.5264758
A57: 이 라운드 교정값
A58: cell | B58: v0 [V] | C58: se [V] | D58: κ | E58: m_code | F58: depth | G58: asym | H58: pt_sd
A59: R0C0 | B59: -0.0761 | C59: 0.0066 | D59: 229 | E59: 1343.4 | F59: 142.9 | G59: 1.162 | H59: 8.3
A60: R1C0 | B60: -0.0733 | C60: 0.0074 | D60: 208.9 | E60: 1460.4 | F60: 128.9 | G60: 0.625 | H60: 9.48
A61: R0C1 | B61: 0.1167 | C61: 0.0067 | D61: 219.1 | E61: 1340.1 | F61: 150.6 | G61: 1.201 | H61: 8.32
A62: R1C1 | B62: 0.0898 | C62: 0.0062 | D62: 221.7 | E62: 1457.6 | F62: 149.4 | G62: 1.074 | H62: 8.95

Sheet Best_round_curves
A1: 라운드 64 1-D 교정 곡선 (fine 스윕 마지막 패스만; coarse 제외). 열 c 스윕 시 다른 열 x=0 (게이트 = C). code 는 3샘플 평균.
A3: col | B3: row | C3: cell | D3: x [V] | E3: SL_A [V] | F3: SL_B [V] | G3: code | H3: 샘플 sd | I3: I [uA]
A4: 0 | B4: 0 | C4: R0C0 | D4: -0.8 | E4: -1.73 | F4: -0.13 | G4: 1466 | H4: 8.66 | I4: 1.76374
A5: 0 | B5: 0 | C5: R0C0 | D5: -0.75 | E5: -1.68 | F5: -0.18 | G5: 1434.67 | H5: 6.66 | I5: 1.72548
A6: 0 | B6: 0 | C6: R0C0 | D6: -0.7 | E6: -1.63 | F6: -0.23 | G6: 1423 | H6: 6.93 | I6: 1.71123
A7: 0 | B7: 0 | C7: R0C0 | D7: -0.65 | E7: -1.58 | F7: -0.28 | G7: 1423.33 | H7: 9.02 | I7: 1.71164
A8: 0 | B8: 0 | C8: R0C0 | D8: -0.6 | E8: -1.53 | F8: -0.33 | G8: 1409.33 | H8: 4.93 | I8: 1.69455
A9: 0 | B9: 0 | C9: R0C0 | D9: -0.55 | E9: -1.48 | F9: -0.38 | G9: 1394 | H9: 12.12 | I9: 1.67582
A10: 0 | B10: 0 | C10: R0C0 | D10: -0.5 | E10: -1.43 | F10: -0.43 | G10: 1384.33 | H10: 14.15 | I10: 1.66402
A11: 0 | B11: 0 | C11: R0C0 | D11: -0.45 | E11: -1.38 | F11: -0.48 | G11: 1372.33 | H11: 8.33 | I11: 1.64937
A12: 0 | B12: 0 | C12: R0C0 | D12: -0.4 | E12: -1.33 | F12: -0.53 | G12: 1365.67 | H12: 8.08 | I12: 1.64123
A13: 0 | B13: 0 | C13: R0C0 | D13: -0.35 | E13: -1.28 | F13: -0.58 | G13: 1366 | H13: 18.08 | I13: 1.64164
A14: 0 | B14: 0 | C14: R0C0 | D14: -0.3 | E14: -1.23 | F14: -0.63 | G14: 1352.33 | H14: 8.08 | I14: 1.62495
A15: 0 | B15: 0 | C15: R0C0 | D15: -0.25 | E15: -1.18 | F15: -0.68 | G15: 1350.33 | H15: 9.45 | I15: 1.62251
... A131: 1 | B131: 1 | C131: R1C1 | D131: 0.9 | E131: -0.03 | F131: -1.83 | G131: 1593 | H131: 9.17 | I131: 1.80495

Sheet Campaign_0905
A1: 0905 distance 캠페인 2회 (fefet_array_distance --auto) — 조건 스캔과 최적조건 run×3 (READ_V −1.25, C −0.93, 2차 fit ±0.5)
A3: 캠페인 v1 chipX_arrdist_0905_145957 (15:00~15:29, span 0.2~0.5, MBL 스캔 포함)
A4: 스캔 | B4: 값 | C4: 기준? | D4: n_q | E4: SNR | F4: 신호σ | G4: row0 R² | H4: row1 R² | I4: 전체 R² | J4: 2차 RMSE | K4: 중첩 RMSE | L4: noise | M4: acc | N4: depth_min | O4: headroom | P4: κ | Q4: time
A5: mbl | B5: -1.25 | C5: 0 | D5: 16 | E5: 0.61 | F5: 6 | G5: -0.08 | H5: 0.388 | I5: 0.968 | J5: 9.9 | K5: 15.1 | L5: 10.7 | M5: 0.5 | N5: 57 | O5: 2060 | P5: 198 | Q5: 15:01
A6: mbl | B6: -1.5 | C6: 0 | D6: 16 | E6: 0.44 | F6: 5.6 | G6: 0.058 | H6: -0.005 | I6: 0.95 | J6: 12.7 | K6: 21 | L6: 16.4 | M6: 0.44 | N6: 60 | O6: 1709 | P6: 207 | Q6: 15:02
A7: mbl | B7: -2 | C7: 0 | D7: 16 | E7: 0.43 | F7: 8.5 | G7: -0.709 | H7: -0.29 | I7: 0.901 | J7: 19.7 | K7: 24.6 | L7: 19.7 | M7: 0.5 | N7: 66 | O7: 496 | P7: 236 | Q7: 15:04
A8: span | B8: 0.2 | C8: 0 | D8: 16 | E8: 0.37 | F8: 3.9 | G8: -1.171 | H8: 0.044 | I8: 0.958 | J8: 10.6 | K8: 21.7 | L8: 13.7 | M8: 0.38 | N8: 93 | O8: 2067 | P8: 190 | Q8: 15:05
A9: span | B9: 0.3 | C9: 0 | D9: 16 | E9: 0.23 | F9: 8.3 | G9: -0.015 | H9: 0.6 | I9: 0.732 | J9: 36.1 | K9: 37.6 | L9: 19 | M9: 0.62 | N9: 63 | O9: 2068 | P9: 220 | Q9: 15:07
A10: span | B10: 0.4 | C10: 0 | D10: 16 | E10: 2.29 | F10: 17.9 | G10: 0.559 | H10: 0.905 | I10: 0.981 | J10: 7.8 | K10: 10.4 | L10: 11.3 | M10: 0.5 | N10: 71 | O10: 2086 | P10: 206 | Q10: 15:08
A11: span | B11: 0.5 | C11: 0 | D11: 16 | E11: 1.91 | F11: 15.6 | G11: 0.829 | H11: 0.787 | I11: 0.98 | J11: 8.2 | K11: 15.5 | L11: 9.6 | M11: 0.56 | N11: 57 | O11: 2097 | P11: 178 | Q11: 15:10
A12: samples | B12: 3 | C12: 0 | D12: 16 | E12: 1.76 | F12: 12.2 | G12: 0.722 | H12: 0.743 | I12: 0.983 | J12: 6.9 | K12: 8 | L12: 10.6 | M12: 0.75 | N12: 65 | O12: 2113 | P12: 181 | Q12: 15:12
A13: samples | B13: 6 | C13: 0 | D13: 16 | E13: 0.69 | F13: 12.3 | G13: -0.357 | H13: -1.187 | I13: 0.903 | J13: 17.7 | K13: 12.7 | L13: 9.2 | M13: 0.62 | N13: 50 | O13: 2045 | P13: 201 | Q13: 15:14
A14: samples | B14: 10 | C14: 0 | D14: 16 | E14: 1.47 | F14: 10.5 | G14: 0.922 | H14: 0.478 | I14: 0.984 | J14: 7.2 | K14: 8.4 | L14: 7.4 | M14: 0.56 | N14: 58 | O14: 1966 | P14: 164 | Q14: 15:16
A15: center | B15: -1.13 | C15: 0 | D15: 16 | E15: 2.45 | F15: 16.3 | G15: 0.931 | H15: 0.649 | I15: 0.986 | J15: 6.6 | K15: 9 | L15: 7.3 | M15: 0.5 | N15: 67 | O15: 2234 | P15: 190 | Q15: 15:17
A16: center | B16: -0.93 | C16: 0 | D16: 16 | E16: 2.98 | F16: 13 | G16: 0.779 | H16: 0.957 | I16: 0.994 | J16: 4.4 | K16: 9.6 | L16: 6.7 | M16: 0.75 | N16: 62 | O16: 2077 | P16: 203 | Q16: 15:19
A17: center | B17: -0.73 | C17: 0 | D17: 16 | E17: 2.31 | F17: 15.5 | G17: 0.867 | H17: 0.81 | I17: 0.987 | J17: 6.7 | K17: 9.8 | L17: 6.8 | M17: 0.44 | N17: 58 | O17: 1894 | P17: 185 | Q17: 15:21
A18: 최적조건 run (32 질의) / grid
A19: run | B19: cond | D19: n_q | E19: SNR | F19: 신호σ | G19: row0 R² | H19: row1 R² | I19: 전체 R² | J19: 2차 RMSE | K19: 중첩 RMSE | L19: noise | M19: acc | N19: S_check r0 | O19: S_check r1 | Q19: time
A20: run 1 | B20: mbl-1.25_C-0.73_span0.40_ns3 | D20: 16 | E20: 2.311034 | F20: 15.461522 | G20: 0.86662561 | H20: 0.80966581 | I20: 0.98707818 | J20: 6.6903052 | K20: 9.8458216 | L20: 6.7649746 | M20: 0.4375 | N20: 0.23562835 | O20: 3.7382293
A21: run 2 | B21: mbl-1.25_C-0.93_span0.40_ns3 | D21: 32 | E21: 1.3348354 | F21: 12.237516 | G21: 0.64818231 | H21: 0.46901781 | I21: 0.97433561 | J21: 9.1678091 | K21: 10.883358 | L21: 7.3396926 | M21: 0.53125 | N21: 2.468214 | O21: 1.6453426
A22: run 3 | B22: mbl-1.25_C-0.93_span0.40_ns3 | D22: 32 | E22: 2.2019276 | F22: 16.099795 | G22: 0.55909843 | H22: 0.92647016 | I22: 0.98377934 | J22: 7.3116821 | K22: 9.0494869 | L22: 6.8229513 | M22: 0.5625 | N22: 0.23255174 | O22: 1.6607824
A23: grid 5×5 | B23: mbl-1.25_C-0.93_span0.40_ns3 | D23: 32 | E23: 1.9221422 | F23: 12.032363 | G23: 0.81493548 | H23: 0.79998174 | I23: 0.98691791 | J23: 6.2598712 | K23: 9.8242018 | L23: 7.2959859 | M23: 0.59375 | N23: 0.24837357 | O23: 3.4954344
A24: 권장: {"read_v": -1.25, "center_v": -0.93, "span": 0.4, "samples": 3, "final_runs": [{"n_q": 32, "t_s": 21.9, "cond": "mbl-1.25_C-0.93_span0.40_ns3", "r2_all": 0.9743356067328036, "rmse": 9.167809126925867, "resid_slope": 0.023664804471762467, "sig_std": 12.23751580273925, "snr": 1.3348353606967722, "r2_s
A26: 캠페인 v2 chipX_arrdist_0905_164533 (16:45~17:24, span 0.3~0.6, 짝 seed + 기준 재측정)
A27: 스캔 | B27: 값 | C27: 기준? | D27: n_q | E27: SNR | F27: 신호σ | G27: row0 R² | H27: row1 R² | I27: 전체 R² | J27: 2차 RMSE | K27: 중첩 RMSE | L27: noise | M27: acc | N27: depth_min | O27: headroom | P27: κ | Q27: time
A28: span | B28: 0.4 | C28: 1 | D28: 16 | E28: 2.69 | F28: 15.1 | G28: 0.888 | H28: 0.74 | I28: 0.99 | J28: 5.6 | K28: 8.2 | L28: 8.5 | M28: 0.5 | N28: 64 | O28: 2095 | P28: 204 | Q28: 16:47
A29: span | B29: 0.3 | C29: 0 | D29: 16 | E29: 1.09 | F29: 8.2 | G29: 0.534 | H29: 0.154 | I29: 0.98 | J29: 7.5 | K29: 8.9 | L29: 10.3 | M29: 0.44 | N29: 54 | O29: 2090 | P29: 190 | Q29: 16:48
A30: span | B30: 0.4 | C30: 0 | D30: 16 | E30: 2.08 | F30: 14 | G30: 0.784 | H30: 0.898 | I30: 0.986 | J30: 6.7 | K30: 10.9 | L30: 10.3 | M30: 0.56 | N30: 55 | O30: 2092 | P30: 188 | Q30: 16:50
A31: span | B31: 0.5 | C31: 0 | D31: 16 | E31: 3.69 | F31: 22.2 | G31: 0.94 | H31: 0.926 | I31: 0.99 | J31: 6 | K31: 8.7 | L31: 7.2 | M31: 0.5 | N31: 66 | O31: 2103 | P31: 189 | Q31: 16:52
A32: span | B32: 0.4 | C32: 1 | D32: 16 | E32: 2.28 | F32: 14.6 | G32: 0.833 | H32: 0.847 | I32: 0.987 | J32: 6.4 | K32: 8.8 | L32: 8 | M32: 0.56 | N32: 49 | O32: 2108 | P32: 194 | Q32: 16:53
A33: span | B33: 0.6 | C33: 0 | D33: 16 | E33: 4.73 | F33: 34.5 | G33: 0.957 | H33: 0.943 | I33: 0.987 | J33: 7.3 | K33: 9.9 | L33: 7.3 | M33: 0.5 | N33: 68 | O33: 2102 | P33: 210 | Q33: 16:55
A34: span | B34: 0.4 | C34: 1 | D34: 16 | E34: 1.94 | F34: 15 | G34: 0.789 | H34: 0.782 | I34: 0.982 | J34: 7.8 | K34: 13.5 | L34: 9.9 | M34: 0.38 | N34: 50 | O34: 2094 | P34: 198 | Q34: 16:57
A35: samples | B35: 3 | C35: 1 | D35: 16 | E35: 2.1 | F35: 34 | G35: 0.689 | H35: 0.72 | I35: 0.933 | J35: 16.2 | K35: 19.8 | L35: 10.6 | M35: 0.62 | N35: 72 | O35: 2114 | P35: 202 | Q35: 16:59
A36: samples | B36: 3 | C36: 0 | D36: 16 | E36: 6.76 | F36: 30.9 | G36: 0.988 | H36: 0.964 | I36: 0.994 | J36: 4.6 | K36: 7.7 | L36: 7 | M36: 0.69 | N36: 56 | O36: 2145 | P36: 184 | Q36: 17:00
A37: samples | B37: 6 | C37: 0 | D37: 16 | E37: 3.18 | F37: 33.1 | G37: 0.857 | H37: 0.935 | I37: 0.973 | J37: 10.4 | K37: 12.6 | L37: 15.7 | M37: 0.5 | N37: 77 | O37: 2116 | P37: 193 | Q37: 17:02
A38: samples | B38: 10 | C38: 0 | D38: 16 | E38: 4.48 | F38: 33.4 | G38: 0.907 | H38: 0.963 | I38: 0.984 | J38: 7.5 | K38: 10.6 | L38: 10.2 | M38: 0.44 | N38: 70 | O38: 2142 | P38: 196 | Q38: 17:04
A39: samples | B39: 3 | C39: 1 | D39: 16 | E39: 1.84 | F39: 31.4 | G39: 0.716 | H39: 0.833 | I39: 0.934 | J39: 17.1 | K39: 16.1 | L39: 7.8 | M39: 0.94 | N39: 58 | O39: 2115 | P39: 183 | Q39: 17:06
... A44: center | B44: -0.93 | C44: 1 | D44: 16 | E44: 3.24 | F44: 33.5 | G44: 0.894 | H44: 0.863 | I44: 0.97 | J44: 10.3 | K44: 10.3 | L44: 8.8 | M44: 0.44 | N44: 72 | O44: 2132 | P44: 194 | Q44: 17:15
A45: 최적조건 run (32 질의) / grid
A46: run | B46: cond | D46: n_q | E46: SNR | F46: 신호σ | G46: row0 R² | H46: row1 R² | I46: 전체 R² | J46: 2차 RMSE | K46: 중첩 RMSE | L46: noise | M46: acc | N46: S_check r0 | O46: S_check r1 | Q46: time
A47: run 1 | B47: mbl-1.25_C-0.93_span0.60_ns3 | D47: 16 | E47: 3.2374407 | F47: 33.496563 | G47: 0.89399012 | H47: 0.86322634 | I47: 0.96973602 | J47: 10.346618 | K47: 10.282735 | L47: 8.8041806 | M47: 0.4375 | N47: 0.42196582 | O47: 6.4883597
A48: run 2 | B48: mbl-1.25_C-0.93_span0.60_ns3 | D48: 32 | E48: 4.5476459 | F48: 30.987908 | G48: 0.93305537 | H48: 0.95764744 | I48: 0.98706513 | J48: 6.8140547 | K48: 8.3049727 | L48: 8.0310985 | M48: 0.46875 | N48: 2.2671342 | O48: 1.4778527
A49: run 3 | B49: mbl-1.25_C-0.93_span0.60_ns3 | D49: 32 | E49: 1.456867 | F49: 25.644857 | G49: 0.72664048 | H49: 0.62850746 | I49: 0.92173171 | J49: 17.602744 | K49: 9.4941747 | L49: 7.845659 | M49: 0.53125 | N49: 15.203373 | O49: 15.003027
A50: grid 5×5 | B50: mbl-1.25_C-0.93_span0.60_ns3 | D50: 32 | E50: 5.1638767 | F50: 26.624403 | G50: 0.9672069 | H50: 0.96110731 | I50: 0.9927867 | J50: 5.1558944 | K50: 8.6020737 | L50: 7.8128361 | M50: 0.5625 | N50: 3.748153 | O50: 1.4859976
A51: 권장: {"read_v": -1.25, "center_v": -0.93, "span": 0.6, "samples": 3, "final_runs": [{"n_q": 32, "t_s": 22.8, "cond": "mbl-1.25_C-0.93_span0.60_ns3", "r2_all": 0.9870651267598657, "rmse": 6.8140546810756675, "resid_slope": -0.01631071756816184, "sig_std": 30.987907902625402, "snr": 4.547645910251728, "r2_

Sheet Zero_0905
A1: 0905 영점(arrauto) chipX_arrauto_0905_133125 — 읽기 동작점 결정
A3: 항목 | B3: 값 | C3: 메모
A4: READ_V [V] | B4: -1.25
A5: center C [V] | B5: -0.93
A6: Vth_mean [V] (4셀 CM 스캔) | B6: -1.4268055
A7: notch σ [V] (반복) | B7: 0.01637903
A8: notch se [V] | B8: 0.0089448166
A9: baseline TIA code (row0,row1) | B9: [22.3, 119.1]
A10: fine 창/step [V] | B10: ±0.5 / 0.05
A11: 노치 방향 | B11: min
A13: cell | B13: notch v0 [V] | C13: 메모
A14: R0C0 | B14: -0.068483266 | C14: C −0.93 기준 상보 스윕 노치 위치 (저장값)
A15: R1C0 | B15: -0.06038516 | C15: C −0.93 기준 상보 스윕 노치 위치 (저장값)
A16: R0C1 | B16: 0.06831507 | C16: C −0.93 기준 상보 스윕 노치 위치 (저장값)
A17: R1C1 | B17: 0.055077838 | C17: C −0.93 기준 상보 스윕 노치 위치 (저장값)
A19: 영점 캠페인 notch 원자료 (kind/tag/cond 별)
A20: seq | B20: kind | C20: tag | D20: cond | E20: cell | F20: notch_v | G20: se_v | H20: curv | I20: depth | J20: headroom | K20: pt_sd | L20: timestamp
A21: 3 | B21: scan_center | C21: center-1.23 | D21: mbl-1.00_C-1.23_oth+0.00 | E21: R0C0 | F21: -0.0437 | G21: 0.0083 | H21: 287.2 | I21: 55.3 | J21: 2109 | K21: 5.8 | L21: 2026-09-05T13:35:09
A22: 3 | B22: scan_center | C22: center-1.23 | D22: mbl-1.00_C-1.23_oth+0.00 | E22: R1C0 | F22: -0.0385 | G22: 0.0066 | H22: 315.5 | I22: 61.1 | J22: 1988.7 | K22: 5.07 | L22: 2026-09-05T13:35:09
A23: 4 | B23: scan_center | C23: center-1.23 | D23: mbl-1.00_C-1.23_oth+0.00 | E23: R0C1 | F23: -0.019 | G23: 0.0065 | H23: 311.5 | I23: 44.4 | J23: 2098 | K23: 5.58 | L23: 2026-09-05T13:36:02
A24: 4 | B24: scan_center | C24: center-1.23 | D24: mbl-1.00_C-1.23_oth+0.00 | E24: R1C1 | F24: -0.015 | G24: 0.0089 | H24: 302.2 | I24: 44.4 | J24: 1995 | K24: 6.31 | L24: 2026-09-05T13:36:02
A25: 5 | B25: scan_center | C25: center-0.93 | D25: mbl-1.00_C-0.93_oth+0.00 | E25: R0C0 | F25: -0.0449 | G25: 0.0088 | H25: 305 | I25: 71.3 | J25: 2018.3 | K25: 5.3 | L25: 2026-09-05T13:36:27
A26: 5 | B26: scan_center | C26: center-0.93 | D26: mbl-1.00_C-0.93_oth+0.00 | E26: R1C0 | F26: -0.0659 | G26: 0.0066 | H26: 354.8 | I26: 67 | J26: 1907 | K26: 5.91 | L26: 2026-09-05T13:36:27
A27: 6 | B27: scan_center | C27: center-0.93 | D27: mbl-1.00_C-0.93_oth+0.00 | E27: R0C1 | F27: 0.0249 | G27: 0.0093 | H27: 316 | I27: 80.5 | J27: 1988.7 | K27: 4.92 | L27: 2026-09-05T13:37:20
A28: 6 | B28: scan_center | C28: center-0.93 | D28: mbl-1.00_C-0.93_oth+0.00 | E28: R1C1 | F28: -0.0014 | G28: 0.0066 | H28: 313.8 | I28: 74.5 | J28: 1890.7 | K28: 6.72 | L28: 2026-09-05T13:37:20
A29: 7 | B29: scan_center | C29: center-0.63 | D29: mbl-1.00_C-0.63_oth+0.00 | E29: R0C0 | F29: -0.0602 | G29: 0.0084 | H29: 332 | I29: 46.4 | J29: 1932 | K29: 6.08 | L29: 2026-09-05T13:38:00
A30: 7 | B30: scan_center | C30: center-0.63 | D30: mbl-1.00_C-0.63_oth+0.00 | E30: R1C0 | F30: -0.0524 | G30: 0.0071 | H30: 337.3 | I30: 57 | J30: 1806.7 | K30: 4.97 | L30: 2026-09-05T13:38:00
A31: 8 | B31: scan_center | C31: center-0.63 | D31: mbl-1.00_C-0.63_oth+0.00 | E31: R0C1 | F31: 0.0846 | G31: 0.0058 | H31: 347.6 | I31: 109.4 | J31: 1856.7 | K31: 6.66 | L31: 2026-09-05T13:38:33
A32: 8 | B32: scan_center | C32: center-0.63 | D32: mbl-1.00_C-0.63_oth+0.00 | E32: R1C1 | F32: 0.0691 | G32: 0.007 | H32: 350.4 | I32: 108.5 | J32: 1749.7 | K32: 6.35 | L32: 2026-09-05T13:38:33
... A138: 65 | B138: trim | C138: trim_after | D138: mbl-1.25_C-0.93_oth+0.00 | E138: R1C1 | F138: 0.0215 | G138: 0.01 | H138: 384.4 | I138: 49.9 | J138: 1464 | K138: 7.56 | L138: 2026-09-05T14:13:38
